mirror,domain,total_articles,first_day,last_day,sources_listed,avg_alternates,languages
a,a.network.news-pravda.com,9374140,2023-06-23,2026-10-02,1000,3.2,en|fr|de|es|ro|ar
abkhazia,abkhazia.news-pravda.com,14385,2024-12-27,2026-10-02,4,1.74,ab
albania,albania.news-pravda.com,5841,2024-03-28,2026-10-02,491,13.0,en|sq|sr|fr|de|tr
algeria,algeria.news-pravda.com,10278,2024-12-27,2026-10-02,485,5.72,ar|en|fr|de|es|tr
armenia,armenia.news-pravda.com,63012,2024-11-08,2026-10-02,982,3.95,hy|en|fr|tr|de|ka
au,au.news-pravda.com,35193,2024-11-08,2026-10-02,916,3.27,en|fr|de|ja|mi|es
australia,australia.news-pravda.com,35167,2024-11-08,2026-10-02,914,3.92,en|fr|de|ja|mi|es
austria,austria.news-pravda.com,44899,2024-11-08,2026-10-02,888,4.41,de|en|fr|hu|pl|es
balkan,balkan.news-pravda.com,182630,2024-12-03,2026-10-02,1000,3.31,sr|en|sl|fr|de|sq
basque,basque.news-pravda.com,4021,2024-12-28,2026-09-25,320,11.84,en|es|eu|ca|gl|fr
belgique,belgique.news-pravda.com,13301,2024-11-08,2026-10-02,724,10.25,en|fr|nl|de|es|it
belgium,belgium.news-pravda.com,16721,2024-11-08,2026-10-02,913,8.73,nl|en|fr|de|es|it
bosnia-herzegovina,bosnia-herzegovina.news-pravda.com,75495,2024-03-27,2026-10-02,441,2.31,bs|en|sr|de|fr|hr
bulgaria,bulgaria.news-pravda.com,210379,2024-03-23,2026-10-02,1000,1.82,bg|en|de|ro|fr|hu
burkina-faso,burkina-faso.news-pravda.com,69921,2024-03-27,2026-10-02,704,3.01,fr|en|ar|de|pt|tr
cameroon,cameroon.news-pravda.com,1831,2024-12-28,2026-10-02,277,7.15,fr|en|ar|de|tr|it
canada,canada.news-pravda.com,36530,2024-11-08,2026-10-02,915,5.96,en|fr|de|da|es|pl
car,car.news-pravda.com,19843,2024-03-27,2026-10-02,497,3.68,fr|en|ar|de|pt|tr
catalan,catalan.news-pravda.com,4855,2024-12-28,2026-10-01,392,10.76,en|es|ca|gl|eu|fr
chad,chad.news-pravda.com,21540,2024-12-27,2026-10-02,251,4.29,ar|en|fr|de|tr|uk
croatia,croatia.news-pravda.com,14033,2024-03-23,2026-10-02,506,6.12,en|hr|sr|de|fr|it
cyprus,cyprus.news-pravda.com,5441,2024-03-28,2026-10-02,487,10.13,en|el|fr|de|tr|es
czechia,czechia.news-pravda.com,294065,2024-03-22,2026-10-02,942,1.62,cs|en|de|fr|pl|sk
denmark,denmark.news-pravda.com,47952,2024-03-23,2026-10-02,1000,6.43,en|da|fr|de|es|sv
deutsch,deutsch.news-pravda.com,555147,2023-06-23,2026-10-02,1000,2.95,de|en|fr|es|pl|uk
dprk,dprk.news-pravda.com,15034,2024-11-08,2026-10-02,788,6.86,en|ko|fr|de|ja|es
dutch,dutch.news-pravda.com,157282,2024-03-22,2026-10-02,1000,2.8,nl|en|fr|de|es|pl
egypt,egypt.news-pravda.com,67731,2024-12-27,2026-10-02,808,3.97,ar|en|fr|tr|de|es
en-hu,en-hu.news-pravda.com,41726,2024-11-28,2026-10-02,916,7.67,en|hu|de|fr|sk|es
en-jp,en-jp.news-pravda.com,27072,2024-11-29,2026-10-02,1000,7.36,en|ja|fr|de|ko|es
en-ro,en-ro.news-pravda.com,23494,2024-11-28,2026-10-02,864,8.49,en|ro|fr|de|pl|es
eritrea,eritrea.news-pravda.com,4063,2024-12-28,2026-10-02,114,4.07,ar|en|fr|de|ko|es
estonia,estonia.news-pravda.com,46448,2024-03-23,2026-10-02,1000,8.02,en|et|lv|lt|de|fr
eu,eu.news-pravda.com,194129,2024-11-08,2026-10-02,1000,3.46,en|de|fr|es|hu|pl
finland,finland.news-pravda.com,26302,2024-03-23,2026-10-02,905,7.6,en|fi|de|fr|sv|et
francais,francais.news-pravda.com,500047,2024-04-16,2026-10-02,1000,2.83,fr|en|de|es|it|pl
france,france.news-pravda.com,218890,2024-11-08,2026-10-02,1000,4.63,fr|en|de|it|es|pl
galician,galician.news-pravda.com,4160,2024-12-28,2026-10-01,359,11.72,en|es|gl|ca|eu|fr
gambia,gambia.news-pravda.com,648,2024-12-27,2026-10-01,157,8.68,en|fr|ar|tr|de|pt
ge,ge.news-pravda.com,88137,2024-10-28,2026-10-02,865,3.21,ka|en|fr|de|hy|ro
germany,germany.news-pravda.com,245899,2024-11-08,2026-10-02,1000,4.45,de|en|fr|pl|es|it
greece,greece.news-pravda.com,200842,2024-03-22,2026-10-02,849,1.74,el|en|fr|de|it|es
guinea,guinea.news-pravda.com,3205,2024-12-28,2026-10-02,267,6.85,fr|en|pt|ar|de|es
guinea-bissau,guinea-bissau.news-pravda.com,1065,2024-12-27,2026-10-02,178,9.4,en|pt|fr|ar|de|es
hu-hu,hu-hu.news-pravda.com,148280,2024-03-22,2026-10-02,966,2.82,hu|en|de|fr|sk|es
hungary,hungary.news-pravda.com,148520,2024-03-22,2026-10-02,966,2.82,hu|en|de|fr|sk|es
iceland,iceland.news-pravda.com,1160,2024-12-27,2026-10-01,223,18.09,en|is|fr|da|no|de
ireland,ireland.news-pravda.com,13454,2024-03-27,2026-10-02,507,6.14,en|ga|fr|de|es|nl
irish,irish.news-pravda.com,13461,2024-03-27,2026-10-02,507,6.14,en|ga|fr|de|es|nl
italy,italy.news-pravda.com,352219,2024-03-22,2026-10-02,1000,1.95,it|en|fr|de|es|pl
ja-jp,ja-jp.news-pravda.com,70416,2024-03-28,2026-10-02,1000,3.22,ja|en|fr|de|ko|es
japan,japan.news-pravda.com,70452,2024-03-28,2026-10-02,1000,3.22,ja|en|fr|de|ko|es
korea,korea.news-pravda.com,71434,2024-03-28,2026-10-02,1000,3.67,ko|en|ja|fr|de|es
latvia,latvia.news-pravda.com,76144,2024-03-23,2026-10-02,1000,5.89,en|lv|lt|et|de|fr
lithuania,lithuania.news-pravda.com,63567,2024-03-23,2026-10-02,1000,5.47,en|lt|lv|et|de|pl
lt,lt.news-pravda.com,63176,2024-03-23,2026-10-02,1000,5.45,en|lt|lv|et|de|pl
luxembourg,luxembourg.news-pravda.com,1726,2024-12-28,2026-10-01,317,14.59,en|lb|de|fr|nl|es
mali,mali.news-pravda.com,18002,2024-12-27,2026-10-02,570,5.18,fr|en|ar|de|es|pt
malta,malta.news-pravda.com,800,2024-12-29,2026-09-29,210,14.47,en|mt|fr|de|it|el
maori,maori.news-pravda.com,1479,2024-12-29,2026-10-02,295,12.72,en|mi|fr|de|ja|ko
mauritania,mauritania.news-pravda.com,4350,2024-12-27,2026-10-01,469,6.04,en|ar|fr|de|uk|pt
md,md.news-pravda.com,220502,2024-03-22,2026-10-02,1000,2.57,ro|en|fr|de|es|pl
moldova,moldova.news-pravda.com,221058,2024-03-22,2026-10-02,1000,2.58,ro|en|fr|de|es|pl
montenegro,montenegro.news-pravda.com,5968,2024-12-27,2026-10-02,314,7.07,en|sr|sq|fr|de|ro
nato,nato.news-pravda.com,112897,2024-11-08,2026-10-02,1000,3.3,en|de|fr|pl|es|lt
netherlands,netherlands.news-pravda.com,20921,2024-11-08,2026-10-02,679,7.8,nl|en|fr|de|es|pl
new-zealand,new-zealand.news-pravda.com,2377,2024-11-09,2026-10-02,388,10.31,en|mi|fr|de|ja|ko
news-pravda,news-pravda.com,394211,2025-03-31,2026-10-02,1000,3.15,en|de|fr|es|tr|uk
niger,niger.news-pravda.com,17131,2024-03-27,2026-10-02,477,3.93,fr|en|ar|de|pt|es
nigeria,nigeria.news-pravda.com,8238,2024-12-27,2026-10-01,450,4.81,en|fr|ar|de|pt|tr
north-macedonia,north-macedonia.news-pravda.com,6946,2024-03-28,2026-10-02,271,3.66,en|mk|sr|sq|fr|ro
norway,norway.news-pravda.com,27911,2024-03-23,2026-10-02,826,6.19,en|no|sv|de|fr|fi
ossetia,ossetia.news-pravda.com,36260,2024-12-28,2026-10-02,494,2.98,os|en|ka|fr|de|hy
poland,poland.news-pravda.com,253294,2023-07-05,2026-10-02,1000,2.83,pl|en|de|fr|es|lt
portugal,portugal.news-pravda.com,11509,2024-11-08,2026-10-02,485,5.87,pt|en|fr|es|de|it
portuguese,portuguese.news-pravda.com,300444,2024-03-23,2026-10-02,804,1.53,pt|en|fr|es|de|it
rca,rca.news-pravda.com,19847,2024-03-27,2026-10-02,496,2.39,fr|en|ar|de|pt|tr
ro-ro,ro-ro.news-pravda.com,103317,2024-03-23,2026-10-02,951,2.85,ro|en|fr|de|pl|es
romania,romania.news-pravda.com,103571,2024-03-23,2026-10-02,952,2.85,ro|en|fr|de|pl|es
scotland,scotland.news-pravda.com,4433,2024-12-28,2026-10-01,417,7.78,en|gd|cy|fr|de|ga
senegal,senegal.news-pravda.com,19569,2024-12-27,2026-10-02,702,3.56,fr|en|ar|de|ro|it
serbia,serbia.news-pravda.com,247260,2025-01-17,2026-10-02,919,2.21,sr|en|bs|de|fr|sq
singapore,singapore.news-pravda.com,2493,2024-11-08,2026-10-02,397,6.77,en|fr|de|ja|ko|nl
slovakia,slovakia.news-pravda.com,257847,2024-03-22,2026-10-02,954,1.85,sk|en|hu|de|fr|pl
slovenia,slovenia.news-pravda.com,14739,2024-03-28,2026-10-02,357,3.87,sl|en|sr|fr|de|es
south-korea,south-korea.news-pravda.com,17618,2024-11-08,2026-10-02,638,7.1,en|ko|ja|fr|de|es
south-sudan,south-sudan.news-pravda.com,1566,2024-12-28,2026-10-01,229,6.19,en|ar|fr|de|es|pt
spain,spain.news-pravda.com,102137,2024-11-08,2026-10-02,1000,3.9,es|en|fr|de|it|ca
spanish,spanish.news-pravda.com,642225,2023-07-04,2026-10-02,1000,1.77,es|en|fr|de|pl|uk
srpska,srpska.news-pravda.com,5942,2024-12-27,2026-10-02,278,5.9,sr|en|bs|de|hr|fr
sudan,sudan.news-pravda.com,25012,2024-12-27,2026-10-02,281,4.01,ar|en|fr|de|tr|es
sweden,sweden.news-pravda.com,26861,2024-03-23,2026-10-02,845,6.88,en|sv|no|fi|fr|de
switzerland,switzerland.news-pravda.com,19554,2024-11-08,2026-10-02,826,7.96,de|en|fr|es|it|tr
syria,syria.news-pravda.com,201430,2025-03-18,2026-10-02,669,2.33,ar|en|fr|tr|de|es
taiwan,taiwan.news-pravda.com,35102,2024-03-28,2026-10-02,450,2.31,zh|en|ja|fr|ko|de
trump,trump.news-pravda.com,152578,2025-06-06,2026-10-02,1000,3.38,en|fr|de|es|tr|da
turkey,turkey.news-pravda.com,141695,2024-12-27,2026-10-02,1000,4.59,tr|en|fr|de|ar|es
ua,ua.news-pravda.com,168913,2024-03-24,2026-10-02,1000,2.32,en|uk|de|fr|es|pl
uk,uk.news-pravda.com,153946,2024-11-08,2026-10-02,1000,5.81,en|fr|de|es|pl|it
usa,usa.news-pravda.com,495678,2024-11-04,2026-10-02,1000,4.21,en|fr|de|es|uk|tr
wales,wales.news-pravda.com,3846,2024-12-28,2026-10-01,338,7.87,en|cy|gd|fr|de|ga
