mirror,date,source,source_type,credits,relationship
czechia,2024-09-01,Telegram: InfodefenseCZE,telegram,29,credited-by-mirror
czechia,2024-09-01,Telegram: Libertas_info_cz,telegram,40,credited-by-mirror
czechia,2024-09-01,Telegram: MGzpravy,telegram,208,credited-by-mirror
czechia,2024-09-01,Telegram: neCT24,telegram,31,credited-by-mirror
czechia,2024-09-01,Telegram: to_je_nas_svet,telegram,14,credited-by-mirror
czechia,2024-09-01,Telegram: uk100a,telegram,58,credited-by-mirror
czechia,2024-09-02,Telegram: InfodefenseCZE,telegram,31,credited-by-mirror
czechia,2024-09-02,Telegram: Libertas_info_cz,telegram,37,credited-by-mirror
czechia,2024-09-02,Telegram: MGzpravy,telegram,101,credited-by-mirror
czechia,2024-09-02,Telegram: jarek53,telegram,1,credited-by-mirror
czechia,2024-09-02,Telegram: neCT24,telegram,40,credited-by-mirror
czechia,2024-09-02,Telegram: uk100a,telegram,56,credited-by-mirror
czechia,2024-09-03,Telegram: InfodefenseCZE,telegram,21,credited-by-mirror
czechia,2024-09-03,Telegram: Libertas_info_cz,telegram,51,credited-by-mirror
czechia,2024-09-03,Telegram: MGzpravy,telegram,94,credited-by-mirror
czechia,2024-09-03,Telegram: neCT24,telegram,45,credited-by-mirror
czechia,2024-09-03,Telegram: uk100a,telegram,57,credited-by-mirror
czechia,2024-09-04,Telegram: InfodefenseCZE,telegram,24,credited-by-mirror
czechia,2024-09-04,Telegram: Libertas_info_cz,telegram,78,credited-by-mirror
czechia,2024-09-04,Telegram: MGzpravy,telegram,78,credited-by-mirror
czechia,2024-09-04,Telegram: neCT24,telegram,42,credited-by-mirror
czechia,2024-09-04,Telegram: uk100a,telegram,88,credited-by-mirror
czechia,2024-09-05,Telegram: InfodefenseCZE,telegram,12,credited-by-mirror
czechia,2024-09-05,Telegram: Libertas_info_cz,telegram,28,credited-by-mirror
czechia,2024-09-05,Telegram: MGzpravy,telegram,170,credited-by-mirror
czechia,2024-09-05,Telegram: neCT24,telegram,36,credited-by-mirror
czechia,2024-09-05,Telegram: uk100a,telegram,63,credited-by-mirror
czechia,2024-09-06,Telegram: InfodefenseCZE,telegram,23,credited-by-mirror
czechia,2024-09-06,Telegram: Libertas_info_cz,telegram,42,credited-by-mirror
czechia,2024-09-06,Telegram: MGzpravy,telegram,68,credited-by-mirror
czechia,2024-09-06,Telegram: neCT24,telegram,30,credited-by-mirror
czechia,2024-09-06,Telegram: uk100a,telegram,30,credited-by-mirror
czechia,2024-09-07,Telegram: InfodefenseCZE,telegram,24,credited-by-mirror
czechia,2024-09-07,Telegram: Libertas_info_cz,telegram,77,credited-by-mirror
czechia,2024-09-07,Telegram: MGzpravy,telegram,56,credited-by-mirror
czechia,2024-09-07,Telegram: jarek53,telegram,2,credited-by-mirror
czechia,2024-09-07,Telegram: neCT24,telegram,35,credited-by-mirror
czechia,2024-09-07,Telegram: uk100a,telegram,48,credited-by-mirror
czechia,2024-09-08,Telegram: InfodefenseCZE,telegram,19,credited-by-mirror
czechia,2024-09-08,Telegram: Libertas_info_cz,telegram,101,credited-by-mirror
czechia,2024-09-08,Telegram: MGzpravy,telegram,80,credited-by-mirror
czechia,2024-09-08,Telegram: neCT24,telegram,31,credited-by-mirror
czechia,2024-09-08,Telegram: uk100a,telegram,42,credited-by-mirror
czechia,2024-09-09,Telegram: InfodefenseCZE,telegram,18,credited-by-mirror
czechia,2024-09-09,Telegram: Libertas_info_cz,telegram,67,credited-by-mirror
czechia,2024-09-09,Telegram: MGzpravy,telegram,85,credited-by-mirror
czechia,2024-09-09,Telegram: neCT24,telegram,41,credited-by-mirror
czechia,2024-09-09,Telegram: uk100a,telegram,51,credited-by-mirror
czechia,2024-09-10,Telegram: InfodefenseCZE,telegram,18,credited-by-mirror
czechia,2024-09-10,Telegram: Libertas_info_cz,telegram,42,credited-by-mirror
czechia,2024-09-10,Telegram: MGzpravy,telegram,89,credited-by-mirror
czechia,2024-09-10,Telegram: neCT24,telegram,40,credited-by-mirror
czechia,2024-09-10,Telegram: uk100a,telegram,63,credited-by-mirror
czechia,2024-09-11,Telegram: InfodefenseCZE,telegram,16,credited-by-mirror
czechia,2024-09-11,Telegram: Libertas_info_cz,telegram,106,credited-by-mirror
czechia,2024-09-11,Telegram: MGzpravy,telegram,86,credited-by-mirror
czechia,2024-09-11,Telegram: jarek53,telegram,2,credited-by-mirror
czechia,2024-09-11,Telegram: neCT24,telegram,47,credited-by-mirror
czechia,2024-09-11,Telegram: to_je_nas_svet,telegram,10,credited-by-mirror
czechia,2024-09-11,Telegram: uk100a,telegram,62,credited-by-mirror
czechia,2024-09-12,Telegram: InfodefenseCZE,telegram,12,credited-by-mirror
czechia,2024-09-12,Telegram: Libertas_info_cz,telegram,37,credited-by-mirror
czechia,2024-09-12,Telegram: MGzpravy,telegram,132,credited-by-mirror
czechia,2024-09-12,Telegram: neCT24,telegram,44,credited-by-mirror
czechia,2024-09-12,Telegram: to_je_nas_svet,telegram,27,credited-by-mirror
czechia,2024-09-12,Telegram: uk100a,telegram,52,credited-by-mirror
czechia,2024-09-13,Telegram: InfodefenseCZE,telegram,38,credited-by-mirror
czechia,2024-09-13,Telegram: Libertas_info_cz,telegram,7,credited-by-mirror
czechia,2024-09-13,Telegram: MGzpravy,telegram,72,credited-by-mirror
czechia,2024-09-13,Telegram: jarek53,telegram,1,credited-by-mirror
czechia,2024-09-13,Telegram: neCT24,telegram,42,credited-by-mirror
czechia,2024-09-13,Telegram: to_je_nas_svet,telegram,21,credited-by-mirror
czechia,2024-09-13,Telegram: uk100a,telegram,59,credited-by-mirror
czechia,2024-09-14,Telegram: InfodefenseCZE,telegram,16,credited-by-mirror
czechia,2024-09-14,Telegram: Libertas_info_cz,telegram,36,credited-by-mirror
czechia,2024-09-14,Telegram: MGzpravy,telegram,158,credited-by-mirror
czechia,2024-09-14,Telegram: neCT24,telegram,42,credited-by-mirror
czechia,2024-09-14,Telegram: to_je_nas_svet,telegram,18,credited-by-mirror
czechia,2024-09-14,Telegram: uk100a,telegram,34,credited-by-mirror
czechia,2024-09-15,Telegram: InfodefenseCZE,telegram,18,credited-by-mirror
czechia,2024-09-15,Telegram: Libertas_info_cz,telegram,33,credited-by-mirror
czechia,2024-09-15,Telegram: MGzpravy,telegram,106,credited-by-mirror
czechia,2024-09-15,Telegram: jarek53,telegram,2,credited-by-mirror
czechia,2024-09-15,Telegram: neCT24,telegram,40,credited-by-mirror
czechia,2024-09-15,Telegram: to_je_nas_svet,telegram,25,credited-by-mirror
czechia,2024-09-15,Telegram: uk100a,telegram,35,credited-by-mirror
czechia,2024-09-16,Telegram: InfodefenseCZE,telegram,31,credited-by-mirror
czechia,2024-09-16,Telegram: Libertas_info_cz,telegram,49,credited-by-mirror
czechia,2024-09-16,Telegram: MGzpravy,telegram,88,credited-by-mirror
czechia,2024-09-16,Telegram: neCT24,telegram,43,credited-by-mirror
czechia,2024-09-16,Telegram: to_je_nas_svet,telegram,22,credited-by-mirror
czechia,2024-09-16,Telegram: uk100a,telegram,44,credited-by-mirror
czechia,2024-09-17,Telegram: InfodefenseCZE,telegram,23,credited-by-mirror
czechia,2024-09-17,Telegram: Libertas_info_cz,telegram,90,credited-by-mirror
czechia,2024-09-17,Telegram: MGzpravy,telegram,59,credited-by-mirror
czechia,2024-09-17,Telegram: neCT24,telegram,45,credited-by-mirror
czechia,2024-09-17,Telegram: to_je_nas_svet,telegram,27,credited-by-mirror
czechia,2024-09-17,Telegram: uk100a,telegram,37,credited-by-mirror
czechia,2024-09-18,Telegram: InfodefenseCZE,telegram,29,credited-by-mirror
czechia,2024-09-18,Telegram: Libertas_info_cz,telegram,85,credited-by-mirror
czechia,2024-09-18,Telegram: MGzpravy,telegram,78,credited-by-mirror
czechia,2024-09-18,Telegram: neCT24,telegram,40,credited-by-mirror
czechia,2024-09-18,Telegram: selskyrozum,telegram,1,credited-by-mirror
czechia,2024-09-18,Telegram: to_je_nas_svet,telegram,24,credited-by-mirror
czechia,2024-09-18,Telegram: uk100a,telegram,48,credited-by-mirror
czechia,2024-09-19,Telegram: InfodefenseCZE,telegram,32,credited-by-mirror
czechia,2024-09-19,Telegram: Libertas_info_cz,telegram,41,credited-by-mirror
czechia,2024-09-19,Telegram: MGzpravy,telegram,76,credited-by-mirror
czechia,2024-09-19,Telegram: neCT24,telegram,40,credited-by-mirror
czechia,2024-09-19,Telegram: selskyrozum,telegram,1,credited-by-mirror
czechia,2024-09-19,Telegram: to_je_nas_svet,telegram,31,credited-by-mirror
czechia,2024-09-19,Telegram: uk100a,telegram,46,credited-by-mirror
czechia,2024-09-20,Telegram: InfodefenseCZE,telegram,24,credited-by-mirror
czechia,2024-09-20,Telegram: Libertas_info_cz,telegram,37,credited-by-mirror
czechia,2024-09-20,Telegram: MGzpravy,telegram,143,credited-by-mirror
czechia,2024-09-20,Telegram: neCT24,telegram,42,credited-by-mirror
czechia,2024-09-20,Telegram: to_je_nas_svet,telegram,19,credited-by-mirror
czechia,2024-09-20,Telegram: uk100a,telegram,56,credited-by-mirror
czechia,2024-09-21,Telegram: InfodefenseCZE,telegram,34,credited-by-mirror
czechia,2024-09-21,Telegram: Libertas_info_cz,telegram,64,credited-by-mirror
czechia,2024-09-21,Telegram: MGzpravy,telegram,55,credited-by-mirror
czechia,2024-09-21,Telegram: jarek53,telegram,1,credited-by-mirror
czechia,2024-09-21,Telegram: neCT24,telegram,42,credited-by-mirror
czechia,2024-09-21,Telegram: to_je_nas_svet,telegram,13,credited-by-mirror
czechia,2024-09-21,Telegram: uk100a,telegram,56,credited-by-mirror
czechia,2024-09-22,Telegram: InfodefenseCZE,telegram,22,credited-by-mirror
czechia,2024-09-22,Telegram: Libertas_info_cz,telegram,36,credited-by-mirror
czechia,2024-09-22,Telegram: MGzpravy,telegram,73,credited-by-mirror
czechia,2024-09-22,Telegram: neCT24,telegram,41,credited-by-mirror
czechia,2024-09-22,Telegram: to_je_nas_svet,telegram,19,credited-by-mirror
czechia,2024-09-22,Telegram: uk100a,telegram,31,credited-by-mirror
czechia,2024-09-23,Telegram: InfodefenseCZE,telegram,15,credited-by-mirror
czechia,2024-09-23,Telegram: Libertas_info_cz,telegram,70,credited-by-mirror
czechia,2024-09-23,Telegram: MGzpravy,telegram,132,credited-by-mirror
czechia,2024-09-23,Telegram: jarek53,telegram,1,credited-by-mirror
czechia,2024-09-23,Telegram: neCT24,telegram,37,credited-by-mirror
czechia,2024-09-23,Telegram: to_je_nas_svet,telegram,20,credited-by-mirror
czechia,2024-09-23,Telegram: uk100a,telegram,34,credited-by-mirror
czechia,2024-09-24,Telegram: InfodefenseCZE,telegram,35,credited-by-mirror
czechia,2024-09-24,Telegram: Libertas_info_cz,telegram,53,credited-by-mirror
czechia,2024-09-24,Telegram: MGzpravy,telegram,66,credited-by-mirror
czechia,2024-09-24,Telegram: neCT24,telegram,38,credited-by-mirror
czechia,2024-09-24,Telegram: to_je_nas_svet,telegram,22,credited-by-mirror
czechia,2024-09-24,Telegram: uk100a,telegram,73,credited-by-mirror
czechia,2024-09-25,Telegram: InfodefenseCZE,telegram,28,credited-by-mirror
czechia,2024-09-25,Telegram: Libertas_info_cz,telegram,61,credited-by-mirror
czechia,2024-09-25,Telegram: MGzpravy,telegram,69,credited-by-mirror
czechia,2024-09-25,Telegram: jarek53,telegram,1,credited-by-mirror
czechia,2024-09-25,Telegram: neCT24,telegram,46,credited-by-mirror
czechia,2024-09-25,Telegram: to_je_nas_svet,telegram,20,credited-by-mirror
czechia,2024-09-25,Telegram: uk100a,telegram,46,credited-by-mirror
czechia,2024-09-26,Telegram: InfodefenseCZE,telegram,34,credited-by-mirror
czechia,2024-09-26,Telegram: Libertas_info_cz,telegram,45,credited-by-mirror
czechia,2024-09-26,Telegram: MGzpravy,telegram,75,credited-by-mirror
czechia,2024-09-26,Telegram: neCT24,telegram,37,credited-by-mirror
czechia,2024-09-26,Telegram: to_je_nas_svet,telegram,25,credited-by-mirror
czechia,2024-09-26,Telegram: uk100a,telegram,52,credited-by-mirror
czechia,2024-09-27,Telegram: InfodefenseCZE,telegram,17,credited-by-mirror
czechia,2024-09-27,Telegram: Libertas_info_cz,telegram,88,credited-by-mirror
czechia,2024-09-27,Telegram: MGzpravy,telegram,79,credited-by-mirror
czechia,2024-09-27,Telegram: jarek53,telegram,2,credited-by-mirror
czechia,2024-09-27,Telegram: neCT24,telegram,41,credited-by-mirror
czechia,2024-09-27,Telegram: news_22_faraon,telegram,1,credited-by-mirror
czechia,2024-09-27,Telegram: to_je_nas_svet,telegram,24,credited-by-mirror
czechia,2024-09-27,Telegram: uk100a,telegram,48,credited-by-mirror
czechia,2024-09-28,Telegram: InfodefenseCZE,telegram,8,credited-by-mirror
czechia,2024-09-28,Telegram: Libertas_info_cz,telegram,45,credited-by-mirror
czechia,2024-09-28,Telegram: MGzpravy,telegram,69,credited-by-mirror
czechia,2024-09-28,Telegram: neCT24,telegram,39,credited-by-mirror
czechia,2024-09-28,Telegram: selskyrozum,telegram,1,credited-by-mirror
czechia,2024-09-28,Telegram: to_je_nas_svet,telegram,22,credited-by-mirror
czechia,2024-09-28,Telegram: uk100a,telegram,56,credited-by-mirror
czechia,2024-09-29,Telegram: InfodefenseCZE,telegram,11,credited-by-mirror
czechia,2024-09-29,Telegram: Libertas_info_cz,telegram,75,credited-by-mirror
czechia,2024-09-29,Telegram: MGzpravy,telegram,96,credited-by-mirror
czechia,2024-09-29,Telegram: jarek53,telegram,1,credited-by-mirror
czechia,2024-09-29,Telegram: neCT24,telegram,39,credited-by-mirror
czechia,2024-09-29,Telegram: to_je_nas_svet,telegram,18,credited-by-mirror
czechia,2024-09-29,Telegram: uk100a,telegram,46,credited-by-mirror
czechia,2024-09-30,Telegram: InfodefenseCZE,telegram,15,credited-by-mirror
czechia,2024-09-30,Telegram: Libertas_info_cz,telegram,58,credited-by-mirror
czechia,2024-09-30,Telegram: MGzpravy,telegram,56,credited-by-mirror
czechia,2024-09-30,Telegram: neCT24,telegram,40,credited-by-mirror
czechia,2024-09-30,Telegram: to_je_nas_svet,telegram,13,credited-by-mirror
czechia,2024-09-30,Telegram: uk100a,telegram,45,credited-by-mirror
deutsch,2024-09-01,Telegram: DruschbaFM,telegram,35,credited-by-mirror
deutsch,2024-09-01,Telegram: RuAS_Org,telegram,42,credited-by-mirror
deutsch,2024-09-01,Telegram: craZybear2022,telegram,18,credited-by-mirror
deutsch,2024-09-01,Telegram: rt_de,telegram,38,credited-by-mirror
deutsch,2024-09-01,Telegram: satellit_de,telegram,25,credited-by-mirror
deutsch,2024-09-01,de.rt.com,domain,34,credited-by-mirror
deutsch,2024-09-01,ria.ru,domain,18,credited-by-mirror
deutsch,2024-09-02,Telegram: DruschbaFM,telegram,35,credited-by-mirror
deutsch,2024-09-02,Telegram: RuAS_Org,telegram,35,credited-by-mirror
deutsch,2024-09-02,Telegram: craZybear2022,telegram,13,credited-by-mirror
deutsch,2024-09-02,Telegram: rt_de,telegram,54,credited-by-mirror
deutsch,2024-09-02,Telegram: satellit_de,telegram,27,credited-by-mirror
deutsch,2024-09-02,de.rt.com,domain,45,credited-by-mirror
deutsch,2024-09-02,ria.ru,domain,29,credited-by-mirror
deutsch,2024-09-03,Telegram: DruschbaFM,telegram,38,credited-by-mirror
deutsch,2024-09-03,Telegram: RuAS_Org,telegram,34,credited-by-mirror
deutsch,2024-09-03,Telegram: craZybear2022,telegram,17,credited-by-mirror
deutsch,2024-09-03,Telegram: rt_de,telegram,57,credited-by-mirror
deutsch,2024-09-03,Telegram: satellit_de,telegram,32,credited-by-mirror
deutsch,2024-09-03,de.rt.com,domain,46,credited-by-mirror
deutsch,2024-09-03,ria.ru,domain,14,credited-by-mirror
deutsch,2024-09-04,Telegram: DruschbaFM,telegram,34,credited-by-mirror
deutsch,2024-09-04,Telegram: RuAS_Org,telegram,33,credited-by-mirror
deutsch,2024-09-04,Telegram: craZybear2022,telegram,16,credited-by-mirror
deutsch,2024-09-04,Telegram: rt_de,telegram,61,credited-by-mirror
deutsch,2024-09-04,Telegram: satellit_de,telegram,28,credited-by-mirror
deutsch,2024-09-04,de.rt.com,domain,55,credited-by-mirror
deutsch,2024-09-04,ria.ru,domain,14,credited-by-mirror
deutsch,2024-09-05,Telegram: DruschbaFM,telegram,29,credited-by-mirror
deutsch,2024-09-05,Telegram: RuAS_Org,telegram,25,credited-by-mirror
deutsch,2024-09-05,Telegram: craZybear2022,telegram,13,credited-by-mirror
deutsch,2024-09-05,Telegram: rt_de,telegram,41,credited-by-mirror
deutsch,2024-09-05,Telegram: satellit_de,telegram,23,credited-by-mirror
deutsch,2024-09-05,de.rt.com,domain,54,credited-by-mirror
deutsch,2024-09-06,Telegram: DruschbaFM,telegram,32,credited-by-mirror
deutsch,2024-09-06,Telegram: RuAS_Org,telegram,27,credited-by-mirror
deutsch,2024-09-06,Telegram: craZybear2022,telegram,14,credited-by-mirror
deutsch,2024-09-06,Telegram: rt_de,telegram,39,credited-by-mirror
deutsch,2024-09-06,Telegram: satellit_de,telegram,14,credited-by-mirror
deutsch,2024-09-06,de.rt.com,domain,41,credited-by-mirror
deutsch,2024-09-07,Telegram: DruschbaFM,telegram,36,credited-by-mirror
deutsch,2024-09-07,Telegram: RuAS_Org,telegram,33,credited-by-mirror
deutsch,2024-09-07,Telegram: craZybear2022,telegram,15,credited-by-mirror
deutsch,2024-09-07,Telegram: rt_de,telegram,31,credited-by-mirror
deutsch,2024-09-07,Telegram: satellit_de,telegram,21,credited-by-mirror
deutsch,2024-09-07,de.rt.com,domain,27,credited-by-mirror
deutsch,2024-09-08,Telegram: DruschbaFM,telegram,32,credited-by-mirror
deutsch,2024-09-08,Telegram: RuAS_Org,telegram,32,credited-by-mirror
deutsch,2024-09-08,Telegram: craZybear2022,telegram,15,credited-by-mirror
deutsch,2024-09-08,Telegram: rt_de,telegram,39,credited-by-mirror
deutsch,2024-09-08,Telegram: satellit_de,telegram,21,credited-by-mirror
deutsch,2024-09-08,de.rt.com,domain,31,credited-by-mirror
deutsch,2024-09-09,Telegram: DruschbaFM,telegram,36,credited-by-mirror
deutsch,2024-09-09,Telegram: RuAS_Org,telegram,30,credited-by-mirror
deutsch,2024-09-09,Telegram: craZybear2022,telegram,15,credited-by-mirror
deutsch,2024-09-09,Telegram: rt_de,telegram,60,credited-by-mirror
deutsch,2024-09-09,Telegram: satellit_de,telegram,24,credited-by-mirror
deutsch,2024-09-09,de.rt.com,domain,43,credited-by-mirror
deutsch,2024-09-10,Telegram: DruschbaFM,telegram,33,credited-by-mirror
deutsch,2024-09-10,Telegram: RuAS_Org,telegram,40,credited-by-mirror
deutsch,2024-09-10,Telegram: craZybear2022,telegram,16,credited-by-mirror
deutsch,2024-09-10,Telegram: rt_de,telegram,61,credited-by-mirror
deutsch,2024-09-10,Telegram: satellit_de,telegram,25,credited-by-mirror
deutsch,2024-09-10,de.rt.com,domain,45,credited-by-mirror
deutsch,2024-09-11,Telegram: DruschbaFM,telegram,35,credited-by-mirror
deutsch,2024-09-11,Telegram: RuAS_Org,telegram,32,credited-by-mirror
deutsch,2024-09-11,Telegram: craZybear2022,telegram,15,credited-by-mirror
deutsch,2024-09-11,Telegram: rt_de,telegram,64,credited-by-mirror
deutsch,2024-09-11,Telegram: satellit_de,telegram,24,credited-by-mirror
deutsch,2024-09-11,de.rt.com,domain,53,credited-by-mirror
deutsch,2024-09-12,Telegram: DruschbaFM,telegram,33,credited-by-mirror
deutsch,2024-09-12,Telegram: RuAS_Org,telegram,30,credited-by-mirror
deutsch,2024-09-12,Telegram: craZybear2022,telegram,15,credited-by-mirror
deutsch,2024-09-12,Telegram: rt_de,telegram,48,credited-by-mirror
deutsch,2024-09-12,Telegram: satellit_de,telegram,26,credited-by-mirror
deutsch,2024-09-12,de.rt.com,domain,45,credited-by-mirror
deutsch,2024-09-13,Telegram: DruschbaFM,telegram,33,credited-by-mirror
deutsch,2024-09-13,Telegram: RuAS_Org,telegram,39,credited-by-mirror
deutsch,2024-09-13,Telegram: craZybear2022,telegram,15,credited-by-mirror
deutsch,2024-09-13,Telegram: rt_de,telegram,49,credited-by-mirror
deutsch,2024-09-13,Telegram: satellit_de,telegram,22,credited-by-mirror
deutsch,2024-09-13,de.rt.com,domain,43,credited-by-mirror
deutsch,2024-09-14,Telegram: DruschbaFM,telegram,32,credited-by-mirror
deutsch,2024-09-14,Telegram: RuAS_Org,telegram,35,credited-by-mirror
deutsch,2024-09-14,Telegram: craZybear2022,telegram,15,credited-by-mirror
deutsch,2024-09-14,Telegram: rt_de,telegram,39,credited-by-mirror
deutsch,2024-09-14,Telegram: satellit_de,telegram,21,credited-by-mirror
deutsch,2024-09-14,de.rt.com,domain,33,credited-by-mirror
deutsch,2024-09-15,Telegram: DruschbaFM,telegram,35,credited-by-mirror
deutsch,2024-09-15,Telegram: RuAS_Org,telegram,32,credited-by-mirror
deutsch,2024-09-15,Telegram: craZybear2022,telegram,15,credited-by-mirror
deutsch,2024-09-15,Telegram: rt_de,telegram,43,credited-by-mirror
deutsch,2024-09-15,Telegram: satellit_de,telegram,21,credited-by-mirror
deutsch,2024-09-15,de.rt.com,domain,36,credited-by-mirror
deutsch,2024-09-16,Telegram: DruschbaFM,telegram,31,credited-by-mirror
deutsch,2024-09-16,Telegram: RuAS_Org,telegram,33,credited-by-mirror
deutsch,2024-09-16,Telegram: craZybear2022,telegram,14,credited-by-mirror
deutsch,2024-09-16,Telegram: rt_de,telegram,45,credited-by-mirror
deutsch,2024-09-16,Telegram: satellit_de,telegram,28,credited-by-mirror
deutsch,2024-09-16,de.rt.com,domain,39,credited-by-mirror
deutsch,2024-09-17,Telegram: DruschbaFM,telegram,34,credited-by-mirror
deutsch,2024-09-17,Telegram: RuAS_Org,telegram,22,credited-by-mirror
deutsch,2024-09-17,Telegram: craZybear2022,telegram,13,credited-by-mirror
deutsch,2024-09-17,Telegram: rt_de,telegram,51,credited-by-mirror
deutsch,2024-09-17,Telegram: satellit_de,telegram,31,credited-by-mirror
deutsch,2024-09-17,de.rt.com,domain,47,credited-by-mirror
deutsch,2024-09-18,Telegram: DruschbaFM,telegram,35,credited-by-mirror
deutsch,2024-09-18,Telegram: RuAS_Org,telegram,34,credited-by-mirror
deutsch,2024-09-18,Telegram: craZybear2022,telegram,13,credited-by-mirror
deutsch,2024-09-18,Telegram: rt_de,telegram,57,credited-by-mirror
deutsch,2024-09-18,Telegram: satellit_de,telegram,22,credited-by-mirror
deutsch,2024-09-18,de.rt.com,domain,48,credited-by-mirror
deutsch,2024-09-19,Telegram: DruschbaFM,telegram,35,credited-by-mirror
deutsch,2024-09-19,Telegram: RuAS_Org,telegram,26,credited-by-mirror
deutsch,2024-09-19,Telegram: craZybear2022,telegram,13,credited-by-mirror
deutsch,2024-09-19,Telegram: rt_de,telegram,62,credited-by-mirror
deutsch,2024-09-19,Telegram: satellit_de,telegram,23,credited-by-mirror
deutsch,2024-09-19,de.rt.com,domain,54,credited-by-mirror
deutsch,2024-09-20,Telegram: DruschbaFM,telegram,37,credited-by-mirror
deutsch,2024-09-20,Telegram: RuAS_Org,telegram,35,credited-by-mirror
deutsch,2024-09-20,Telegram: craZybear2022,telegram,17,credited-by-mirror
deutsch,2024-09-20,Telegram: rt_de,telegram,47,credited-by-mirror
deutsch,2024-09-20,Telegram: satellit_de,telegram,22,credited-by-mirror
deutsch,2024-09-20,de.rt.com,domain,42,credited-by-mirror
deutsch,2024-09-21,Telegram: DruschbaFM,telegram,39,credited-by-mirror
deutsch,2024-09-21,Telegram: RuAS_Org,telegram,28,credited-by-mirror
deutsch,2024-09-21,Telegram: craZybear2022,telegram,21,credited-by-mirror
deutsch,2024-09-21,Telegram: rt_de,telegram,37,credited-by-mirror
deutsch,2024-09-21,Telegram: satellit_de,telegram,25,credited-by-mirror
deutsch,2024-09-21,de.rt.com,domain,38,credited-by-mirror
deutsch,2024-09-22,Telegram: DruschbaFM,telegram,33,credited-by-mirror
deutsch,2024-09-22,Telegram: RuAS_Org,telegram,38,credited-by-mirror
deutsch,2024-09-22,Telegram: craZybear2022,telegram,17,credited-by-mirror
deutsch,2024-09-22,Telegram: rt_de,telegram,28,credited-by-mirror
deutsch,2024-09-22,Telegram: satellit_de,telegram,26,credited-by-mirror
deutsch,2024-09-22,de.rt.com,domain,33,credited-by-mirror
deutsch,2024-09-23,Telegram: DruschbaFM,telegram,36,credited-by-mirror
deutsch,2024-09-23,Telegram: RuAS_Org,telegram,34,credited-by-mirror
deutsch,2024-09-23,Telegram: craZybear2022,telegram,13,credited-by-mirror
deutsch,2024-09-23,Telegram: rt_de,telegram,45,credited-by-mirror
deutsch,2024-09-23,Telegram: satellit_de,telegram,28,credited-by-mirror
deutsch,2024-09-23,de.rt.com,domain,37,credited-by-mirror
deutsch,2024-09-24,Telegram: DruschbaFM,telegram,38,credited-by-mirror
deutsch,2024-09-24,Telegram: RuAS_Org,telegram,34,credited-by-mirror
deutsch,2024-09-24,Telegram: craZybear2022,telegram,14,credited-by-mirror
deutsch,2024-09-24,Telegram: rt_de,telegram,55,credited-by-mirror
deutsch,2024-09-24,Telegram: satellit_de,telegram,26,credited-by-mirror
deutsch,2024-09-24,de.rt.com,domain,51,credited-by-mirror
deutsch,2024-09-25,Telegram: DruschbaFM,telegram,34,credited-by-mirror
deutsch,2024-09-25,Telegram: RuAS_Org,telegram,29,credited-by-mirror
deutsch,2024-09-25,Telegram: craZybear2022,telegram,13,credited-by-mirror
deutsch,2024-09-25,Telegram: rt_de,telegram,43,credited-by-mirror
deutsch,2024-09-25,Telegram: satellit_de,telegram,26,credited-by-mirror
deutsch,2024-09-25,de.rt.com,domain,43,credited-by-mirror
deutsch,2024-09-26,Telegram: DruschbaFM,telegram,28,credited-by-mirror
deutsch,2024-09-26,Telegram: RuAS_Org,telegram,29,credited-by-mirror
deutsch,2024-09-26,Telegram: craZybear2022,telegram,13,credited-by-mirror
deutsch,2024-09-26,Telegram: rt_de,telegram,52,credited-by-mirror
deutsch,2024-09-26,Telegram: satellit_de,telegram,25,credited-by-mirror
deutsch,2024-09-26,de.rt.com,domain,46,credited-by-mirror
deutsch,2024-09-27,Telegram: DruschbaFM,telegram,34,credited-by-mirror
deutsch,2024-09-27,Telegram: RuAS_Org,telegram,33,credited-by-mirror
deutsch,2024-09-27,Telegram: craZybear2022,telegram,14,credited-by-mirror
deutsch,2024-09-27,Telegram: rt_de,telegram,47,credited-by-mirror
deutsch,2024-09-27,Telegram: satellit_de,telegram,30,credited-by-mirror
deutsch,2024-09-27,de.rt.com,domain,41,credited-by-mirror
deutsch,2024-09-28,Telegram: DruschbaFM,telegram,33,credited-by-mirror
deutsch,2024-09-28,Telegram: RuAS_Org,telegram,21,credited-by-mirror
deutsch,2024-09-28,Telegram: craZybear2022,telegram,11,credited-by-mirror
deutsch,2024-09-28,Telegram: rt_de,telegram,38,credited-by-mirror
deutsch,2024-09-28,Telegram: satellit_de,telegram,31,credited-by-mirror
deutsch,2024-09-28,de.rt.com,domain,38,credited-by-mirror
deutsch,2024-09-29,Telegram: DruschbaFM,telegram,35,credited-by-mirror
deutsch,2024-09-29,Telegram: RuAS_Org,telegram,34,credited-by-mirror
deutsch,2024-09-29,Telegram: craZybear2022,telegram,16,credited-by-mirror
deutsch,2024-09-29,Telegram: rt_de,telegram,34,credited-by-mirror
deutsch,2024-09-29,Telegram: satellit_de,telegram,31,credited-by-mirror
deutsch,2024-09-29,de.rt.com,domain,30,credited-by-mirror
deutsch,2024-09-30,Telegram: DruschbaFM,telegram,37,credited-by-mirror
deutsch,2024-09-30,Telegram: RuAS_Org,telegram,26,credited-by-mirror
deutsch,2024-09-30,Telegram: craZybear2022,telegram,14,credited-by-mirror
deutsch,2024-09-30,Telegram: rt_de,telegram,43,credited-by-mirror
deutsch,2024-09-30,Telegram: satellit_de,telegram,22,credited-by-mirror
deutsch,2024-09-30,de.rt.com,domain,37,credited-by-mirror
hungary,2024-09-01,Telegram: InfoDefMagyarok,telegram,9,credited-by-mirror
hungary,2024-09-02,Telegram: InfoDefMagyarok,telegram,9,credited-by-mirror
hungary,2024-09-02,hu.news-front.su,domain,15,credited-by-mirror
hungary,2024-09-02,ria.ru,domain,1,credited-by-mirror
hungary,2024-09-03,Telegram: InfoDefMagyarok,telegram,9,credited-by-mirror
hungary,2024-09-03,hu.news-front.su,domain,13,credited-by-mirror
hungary,2024-09-03,ria.ru,domain,2,credited-by-mirror
hungary,2024-09-04,Telegram: InfoDefMagyarok,telegram,9,credited-by-mirror
hungary,2024-09-04,hu.news-front.su,domain,14,credited-by-mirror
hungary,2024-09-04,ria.ru,domain,1,credited-by-mirror
hungary,2024-09-05,Telegram: InfoDefMagyarok,telegram,7,credited-by-mirror
hungary,2024-09-05,hu.news-front.su,domain,14,credited-by-mirror
hungary,2024-09-06,Telegram: InfoDefMagyarok,telegram,6,credited-by-mirror
hungary,2024-09-06,hu.news-front.su,domain,15,credited-by-mirror
hungary,2024-09-06,ria.ru,domain,7,credited-by-mirror
hungary,2024-09-07,Telegram: InfoDefMagyarok,telegram,8,credited-by-mirror
hungary,2024-09-07,Telegram: greatawakeningmagyarok,telegram,1,credited-by-mirror
hungary,2024-09-07,ria.ru,domain,3,credited-by-mirror
hungary,2024-09-08,Telegram: InfoDefMagyarok,telegram,9,credited-by-mirror
hungary,2024-09-09,Telegram: InfoDefMagyarok,telegram,9,credited-by-mirror
hungary,2024-09-09,hu.news-front.su,domain,13,credited-by-mirror
hungary,2024-09-09,ria.ru,domain,4,credited-by-mirror
hungary,2024-09-10,Telegram: InfoDefMagyarok,telegram,9,credited-by-mirror
hungary,2024-09-10,hu.news-front.su,domain,13,credited-by-mirror
hungary,2024-09-10,ria.ru,domain,3,credited-by-mirror
hungary,2024-09-11,Telegram: InfoDefMagyarok,telegram,9,credited-by-mirror
hungary,2024-09-11,hu.news-front.su,domain,14,credited-by-mirror
hungary,2024-09-11,ria.ru,domain,2,credited-by-mirror
hungary,2024-09-12,Telegram: InfoDefMagyarok,telegram,9,credited-by-mirror
hungary,2024-09-12,ria.ru,domain,4,credited-by-mirror
hungary,2024-09-13,Telegram: InfoDefMagyarok,telegram,9,credited-by-mirror
hungary,2024-09-13,ria.ru,domain,1,credited-by-mirror
hungary,2024-09-14,Telegram: InfoDefMagyarok,telegram,9,credited-by-mirror
hungary,2024-09-14,ria.ru,domain,2,credited-by-mirror
hungary,2024-09-15,Telegram: InfoDefMagyarok,telegram,9,credited-by-mirror
hungary,2024-09-15,ria.ru,domain,1,credited-by-mirror
hungary,2024-09-16,Telegram: InfoDefMagyarok,telegram,9,credited-by-mirror
hungary,2024-09-16,ria.ru,domain,5,credited-by-mirror
hungary,2024-09-17,Telegram: InfoDefMagyarok,telegram,9,credited-by-mirror
hungary,2024-09-17,hu.news-front.su,domain,16,credited-by-mirror
hungary,2024-09-17,ria.ru,domain,2,credited-by-mirror
hungary,2024-09-18,Telegram: InfoDefMagyarok,telegram,8,credited-by-mirror
hungary,2024-09-18,hu.news-front.su,domain,14,credited-by-mirror
hungary,2024-09-18,ria.ru,domain,6,credited-by-mirror
hungary,2024-09-19,Telegram: InfoDefMagyarok,telegram,9,credited-by-mirror
hungary,2024-09-19,hu.news-front.su,domain,14,credited-by-mirror
hungary,2024-09-19,ria.ru,domain,6,credited-by-mirror
hungary,2024-09-20,Telegram: InfoDefMagyarok,telegram,6,credited-by-mirror
hungary,2024-09-20,hu.news-front.su,domain,13,credited-by-mirror
hungary,2024-09-20,ria.ru,domain,16,credited-by-mirror
hungary,2024-09-21,Telegram: InfoDefMagyarok,telegram,9,credited-by-mirror
hungary,2024-09-22,Telegram: InfoDefMagyarok,telegram,9,credited-by-mirror
hungary,2024-09-23,Telegram: InfoDefMagyarok,telegram,9,credited-by-mirror
hungary,2024-09-23,hu.news-front.su,domain,12,credited-by-mirror
hungary,2024-09-23,ria.ru,domain,1,credited-by-mirror
hungary,2024-09-24,Telegram: InfoDefMagyarok,telegram,9,credited-by-mirror
hungary,2024-09-24,hu.news-front.su,domain,13,credited-by-mirror
hungary,2024-09-24,ria.ru,domain,7,credited-by-mirror
hungary,2024-09-25,Telegram: InfoDefMagyarok,telegram,9,credited-by-mirror
hungary,2024-09-25,hu.news-front.su,domain,15,credited-by-mirror
hungary,2024-09-25,ria.ru,domain,19,credited-by-mirror
hungary,2024-09-26,Telegram: InfoDefMagyarok,telegram,9,credited-by-mirror
hungary,2024-09-26,hu.news-front.su,domain,15,credited-by-mirror
hungary,2024-09-26,ria.ru,domain,13,credited-by-mirror
hungary,2024-09-27,Telegram: InfoDefMagyarok,telegram,9,credited-by-mirror
hungary,2024-09-27,hu.news-front.su,domain,14,credited-by-mirror
hungary,2024-09-27,ria.ru,domain,5,credited-by-mirror
hungary,2024-09-28,Telegram: InfoDefMagyarok,telegram,9,credited-by-mirror
hungary,2024-09-28,ria.ru,domain,2,credited-by-mirror
hungary,2024-09-29,Telegram: InfoDefMagyarok,telegram,9,credited-by-mirror
hungary,2024-09-29,ria.ru,domain,1,credited-by-mirror
hungary,2024-09-30,Telegram: InfoDefMagyarok,telegram,9,credited-by-mirror
hungary,2024-09-30,hu.news-front.su,domain,12,credited-by-mirror
hungary,2024-09-30,ria.ru,domain,6,credited-by-mirror
moldova,2024-09-01,Telegram: KpMoldova,telegram,24,credited-by-mirror
moldova,2024-09-01,Telegram: md_krot,telegram,10,credited-by-mirror
moldova,2024-09-01,Telegram: mdsputnikmd,telegram,16,credited-by-mirror
moldova,2024-09-01,Telegram: moldovaexpress,telegram,8,credited-by-mirror
moldova,2024-09-01,Telegram: romania_ru,telegram,4,credited-by-mirror
moldova,2024-09-01,Telegram: rusputnikmd,telegram,30,credited-by-mirror
moldova,2024-09-01,Telegram: salutmd,telegram,10,credited-by-mirror
moldova,2024-09-01,Telegram: trech_kich,telegram,9,credited-by-mirror
moldova,2024-09-01,Telegram: ultimaoramd,telegram,16,credited-by-mirror
moldova,2024-09-02,Telegram: KpMoldova,telegram,22,credited-by-mirror
moldova,2024-09-02,Telegram: md_krot,telegram,13,credited-by-mirror
moldova,2024-09-02,Telegram: mdsputnikmd,telegram,30,credited-by-mirror
moldova,2024-09-02,Telegram: moldovaexpress,telegram,9,credited-by-mirror
moldova,2024-09-02,Telegram: romania_ru,telegram,14,credited-by-mirror
moldova,2024-09-02,Telegram: rusputnikmd,telegram,45,credited-by-mirror
moldova,2024-09-02,Telegram: salutmd,telegram,18,credited-by-mirror
moldova,2024-09-02,Telegram: trech_kich,telegram,16,credited-by-mirror
moldova,2024-09-02,Telegram: ultimaoramd,telegram,44,credited-by-mirror
moldova,2024-09-03,Telegram: KpMoldova,telegram,25,credited-by-mirror
moldova,2024-09-03,Telegram: md_krot,telegram,11,credited-by-mirror
moldova,2024-09-03,Telegram: mdsputnikmd,telegram,30,credited-by-mirror
moldova,2024-09-03,Telegram: moldovaexpress,telegram,10,credited-by-mirror
moldova,2024-09-03,Telegram: romania_ru,telegram,7,credited-by-mirror
moldova,2024-09-03,Telegram: rusputnikmd,telegram,47,credited-by-mirror
moldova,2024-09-03,Telegram: salutmd,telegram,22,credited-by-mirror
moldova,2024-09-03,Telegram: trech_kich,telegram,12,credited-by-mirror
moldova,2024-09-03,Telegram: ultimaoramd,telegram,32,credited-by-mirror
moldova,2024-09-04,Telegram: KpMoldova,telegram,27,credited-by-mirror
moldova,2024-09-04,Telegram: md_krot,telegram,14,credited-by-mirror
moldova,2024-09-04,Telegram: mdsputnikmd,telegram,20,credited-by-mirror
moldova,2024-09-04,Telegram: moldovaexpress,telegram,8,credited-by-mirror
moldova,2024-09-04,Telegram: romania_ru,telegram,12,credited-by-mirror
moldova,2024-09-04,Telegram: rusputnikmd,telegram,58,credited-by-mirror
moldova,2024-09-04,Telegram: salutmd,telegram,18,credited-by-mirror
moldova,2024-09-04,Telegram: trech_kich,telegram,13,credited-by-mirror
moldova,2024-09-04,Telegram: ultimaoramd,telegram,36,credited-by-mirror
moldova,2024-09-05,Telegram: KpMoldova,telegram,15,credited-by-mirror
moldova,2024-09-05,Telegram: md_krot,telegram,10,credited-by-mirror
moldova,2024-09-05,Telegram: mdsputnikmd,telegram,28,credited-by-mirror
moldova,2024-09-05,Telegram: moldovaexpress,telegram,8,credited-by-mirror
moldova,2024-09-05,Telegram: romania_ru,telegram,11,credited-by-mirror
moldova,2024-09-05,Telegram: rusputnikmd,telegram,50,credited-by-mirror
moldova,2024-09-05,Telegram: salutmd,telegram,10,credited-by-mirror
moldova,2024-09-05,Telegram: trech_kich,telegram,9,credited-by-mirror
moldova,2024-09-05,Telegram: ultimaoramd,telegram,36,credited-by-mirror
moldova,2024-09-06,Telegram: KpMoldova,telegram,11,credited-by-mirror
moldova,2024-09-06,Telegram: md_krot,telegram,10,credited-by-mirror
moldova,2024-09-06,Telegram: mdsputnikmd,telegram,13,credited-by-mirror
moldova,2024-09-06,Telegram: moldovaexpress,telegram,5,credited-by-mirror
moldova,2024-09-06,Telegram: romania_ru,telegram,7,credited-by-mirror
moldova,2024-09-06,Telegram: rusputnikmd,telegram,29,credited-by-mirror
moldova,2024-09-06,Telegram: salutmd,telegram,11,credited-by-mirror
moldova,2024-09-06,Telegram: trech_kich,telegram,9,credited-by-mirror
moldova,2024-09-06,Telegram: ultimaoramd,telegram,24,credited-by-mirror
moldova,2024-09-07,Telegram: KpMoldova,telegram,24,credited-by-mirror
moldova,2024-09-07,Telegram: md_krot,telegram,8,credited-by-mirror
moldova,2024-09-07,Telegram: mdsputnikmd,telegram,35,credited-by-mirror
moldova,2024-09-07,Telegram: moldovaexpress,telegram,8,credited-by-mirror
moldova,2024-09-07,Telegram: romania_ru,telegram,8,credited-by-mirror
moldova,2024-09-07,Telegram: rusputnikmd,telegram,27,credited-by-mirror
moldova,2024-09-07,Telegram: salutmd,telegram,11,credited-by-mirror
moldova,2024-09-07,Telegram: trech_kich,telegram,11,credited-by-mirror
moldova,2024-09-07,Telegram: ultimaoramd,telegram,17,credited-by-mirror
moldova,2024-09-08,Telegram: KpMoldova,telegram,16,credited-by-mirror
moldova,2024-09-08,Telegram: md_krot,telegram,7,credited-by-mirror
moldova,2024-09-08,Telegram: mdsputnikmd,telegram,20,credited-by-mirror
moldova,2024-09-08,Telegram: moldovaexpress,telegram,9,credited-by-mirror
moldova,2024-09-08,Telegram: romania_ru,telegram,7,credited-by-mirror
moldova,2024-09-08,Telegram: rusputnikmd,telegram,35,credited-by-mirror
moldova,2024-09-08,Telegram: salutmd,telegram,12,credited-by-mirror
moldova,2024-09-08,Telegram: trech_kich,telegram,8,credited-by-mirror
moldova,2024-09-08,Telegram: ultimaoramd,telegram,7,credited-by-mirror
moldova,2024-09-09,Telegram: KpMoldova,telegram,21,credited-by-mirror
moldova,2024-09-09,Telegram: md_krot,telegram,12,credited-by-mirror
moldova,2024-09-09,Telegram: mdsputnikmd,telegram,32,credited-by-mirror
moldova,2024-09-09,Telegram: moldovaexpress,telegram,9,credited-by-mirror
moldova,2024-09-09,Telegram: romania_ru,telegram,17,credited-by-mirror
moldova,2024-09-09,Telegram: rusputnikmd,telegram,41,credited-by-mirror
moldova,2024-09-09,Telegram: salutmd,telegram,19,credited-by-mirror
moldova,2024-09-09,Telegram: trech_kich,telegram,15,credited-by-mirror
moldova,2024-09-09,Telegram: ultimaoramd,telegram,18,credited-by-mirror
moldova,2024-09-10,Telegram: KpMoldova,telegram,19,credited-by-mirror
moldova,2024-09-10,Telegram: md_krot,telegram,13,credited-by-mirror
moldova,2024-09-10,Telegram: mdsputnikmd,telegram,31,credited-by-mirror
moldova,2024-09-10,Telegram: moldovaexpress,telegram,8,credited-by-mirror
moldova,2024-09-10,Telegram: romania_ru,telegram,16,credited-by-mirror
moldova,2024-09-10,Telegram: rusputnikmd,telegram,44,credited-by-mirror
moldova,2024-09-10,Telegram: salutmd,telegram,23,credited-by-mirror
moldova,2024-09-10,Telegram: trech_kich,telegram,13,credited-by-mirror
moldova,2024-09-10,Telegram: ultimaoramd,telegram,31,credited-by-mirror
moldova,2024-09-11,Telegram: KpMoldova,telegram,20,credited-by-mirror
moldova,2024-09-11,Telegram: md_krot,telegram,13,credited-by-mirror
moldova,2024-09-11,Telegram: mdsputnikmd,telegram,35,credited-by-mirror
moldova,2024-09-11,Telegram: moldovaexpress,telegram,8,credited-by-mirror
moldova,2024-09-11,Telegram: romania_ru,telegram,17,credited-by-mirror
moldova,2024-09-11,Telegram: rusputnikmd,telegram,47,credited-by-mirror
moldova,2024-09-11,Telegram: salutmd,telegram,20,credited-by-mirror
moldova,2024-09-11,Telegram: trech_kich,telegram,15,credited-by-mirror
moldova,2024-09-11,Telegram: ultimaoramd,telegram,35,credited-by-mirror
moldova,2024-09-12,Telegram: KpMoldova,telegram,29,credited-by-mirror
moldova,2024-09-12,Telegram: md_krot,telegram,16,credited-by-mirror
moldova,2024-09-12,Telegram: mdsputnikmd,telegram,28,credited-by-mirror
moldova,2024-09-12,Telegram: moldovaexpress,telegram,8,credited-by-mirror
moldova,2024-09-12,Telegram: romania_ru,telegram,13,credited-by-mirror
moldova,2024-09-12,Telegram: rusputnikmd,telegram,50,credited-by-mirror
moldova,2024-09-12,Telegram: salutmd,telegram,22,credited-by-mirror
moldova,2024-09-12,Telegram: trech_kich,telegram,17,credited-by-mirror
moldova,2024-09-12,Telegram: ultimaoramd,telegram,29,credited-by-mirror
moldova,2024-09-13,Telegram: KpMoldova,telegram,26,credited-by-mirror
moldova,2024-09-13,Telegram: md_krot,telegram,14,credited-by-mirror
moldova,2024-09-13,Telegram: mdsputnikmd,telegram,28,credited-by-mirror
moldova,2024-09-13,Telegram: moldovaexpress,telegram,8,credited-by-mirror
moldova,2024-09-13,Telegram: romania_ru,telegram,11,credited-by-mirror
moldova,2024-09-13,Telegram: rusputnikmd,telegram,50,credited-by-mirror
moldova,2024-09-13,Telegram: salutmd,telegram,23,credited-by-mirror
moldova,2024-09-13,Telegram: trech_kich,telegram,13,credited-by-mirror
moldova,2024-09-13,Telegram: ultimaoramd,telegram,27,credited-by-mirror
moldova,2024-09-14,Telegram: KpMoldova,telegram,52,credited-by-mirror
moldova,2024-09-14,Telegram: md_krot,telegram,7,credited-by-mirror
moldova,2024-09-14,Telegram: mdsputnikmd,telegram,30,credited-by-mirror
moldova,2024-09-14,Telegram: moldovaexpress,telegram,9,credited-by-mirror
moldova,2024-09-14,Telegram: romania_ru,telegram,24,credited-by-mirror
moldova,2024-09-14,Telegram: rusputnikmd,telegram,28,credited-by-mirror
moldova,2024-09-14,Telegram: salutmd,telegram,8,credited-by-mirror
moldova,2024-09-14,Telegram: trech_kich,telegram,20,credited-by-mirror
moldova,2024-09-14,Telegram: ultimaoramd,telegram,41,credited-by-mirror
moldova,2024-09-15,Telegram: KpMoldova,telegram,27,credited-by-mirror
moldova,2024-09-15,Telegram: md_krot,telegram,8,credited-by-mirror
moldova,2024-09-15,Telegram: mdsputnikmd,telegram,18,credited-by-mirror
moldova,2024-09-15,Telegram: moldovaexpress,telegram,9,credited-by-mirror
moldova,2024-09-15,Telegram: romania_ru,telegram,6,credited-by-mirror
moldova,2024-09-15,Telegram: rusputnikmd,telegram,35,credited-by-mirror
moldova,2024-09-15,Telegram: salutmd,telegram,11,credited-by-mirror
moldova,2024-09-15,Telegram: trech_kich,telegram,10,credited-by-mirror
moldova,2024-09-15,Telegram: ultimaoramd,telegram,15,credited-by-mirror
moldova,2024-09-16,Telegram: KpMoldova,telegram,29,credited-by-mirror
moldova,2024-09-16,Telegram: md_krot,telegram,11,credited-by-mirror
moldova,2024-09-16,Telegram: mdsputnikmd,telegram,44,credited-by-mirror
moldova,2024-09-16,Telegram: moldovaexpress,telegram,10,credited-by-mirror
moldova,2024-09-16,Telegram: romania_ru,telegram,16,credited-by-mirror
moldova,2024-09-16,Telegram: rusputnikmd,telegram,50,credited-by-mirror
moldova,2024-09-16,Telegram: salutmd,telegram,18,credited-by-mirror
moldova,2024-09-16,Telegram: trech_kich,telegram,17,credited-by-mirror
moldova,2024-09-16,Telegram: ultimaoramd,telegram,39,credited-by-mirror
moldova,2024-09-17,Telegram: KpMoldova,telegram,22,credited-by-mirror
moldova,2024-09-17,Telegram: md_krot,telegram,16,credited-by-mirror
moldova,2024-09-17,Telegram: mdsputnikmd,telegram,43,credited-by-mirror
moldova,2024-09-17,Telegram: moldovaexpress,telegram,9,credited-by-mirror
moldova,2024-09-17,Telegram: romania_ru,telegram,12,credited-by-mirror
moldova,2024-09-17,Telegram: rusputnikmd,telegram,46,credited-by-mirror
moldova,2024-09-17,Telegram: salutmd,telegram,19,credited-by-mirror
moldova,2024-09-17,Telegram: trech_kich,telegram,16,credited-by-mirror
moldova,2024-09-17,Telegram: ultimaoramd,telegram,33,credited-by-mirror
moldova,2024-09-18,Telegram: KpMoldova,telegram,21,credited-by-mirror
moldova,2024-09-18,Telegram: md_krot,telegram,13,credited-by-mirror
moldova,2024-09-18,Telegram: mdsputnikmd,telegram,30,credited-by-mirror
moldova,2024-09-18,Telegram: moldovaexpress,telegram,9,credited-by-mirror
moldova,2024-09-18,Telegram: romania_ru,telegram,17,credited-by-mirror
moldova,2024-09-18,Telegram: rusputnikmd,telegram,57,credited-by-mirror
moldova,2024-09-18,Telegram: salutmd,telegram,23,credited-by-mirror
moldova,2024-09-18,Telegram: trech_kich,telegram,15,credited-by-mirror
moldova,2024-09-18,Telegram: ultimaoramd,telegram,45,credited-by-mirror
moldova,2024-09-19,Telegram: KpMoldova,telegram,26,credited-by-mirror
moldova,2024-09-19,Telegram: md_krot,telegram,16,credited-by-mirror
moldova,2024-09-19,Telegram: mdsputnikmd,telegram,37,credited-by-mirror
moldova,2024-09-19,Telegram: moldovaexpress,telegram,9,credited-by-mirror
moldova,2024-09-19,Telegram: romania_ru,telegram,17,credited-by-mirror
moldova,2024-09-19,Telegram: rusputnikmd,telegram,51,credited-by-mirror
moldova,2024-09-19,Telegram: salutmd,telegram,19,credited-by-mirror
moldova,2024-09-19,Telegram: trech_kich,telegram,12,credited-by-mirror
moldova,2024-09-19,Telegram: ultimaoramd,telegram,31,credited-by-mirror
moldova,2024-09-20,Telegram: KpMoldova,telegram,34,credited-by-mirror
moldova,2024-09-20,Telegram: md_krot,telegram,9,credited-by-mirror
moldova,2024-09-20,Telegram: mdsputnikmd,telegram,29,credited-by-mirror
moldova,2024-09-20,Telegram: moldovaexpress,telegram,10,credited-by-mirror
moldova,2024-09-20,Telegram: romania_ru,telegram,16,credited-by-mirror
moldova,2024-09-20,Telegram: rusputnikmd,telegram,56,credited-by-mirror
moldova,2024-09-20,Telegram: salutmd,telegram,27,credited-by-mirror
moldova,2024-09-20,Telegram: trech_kich,telegram,12,credited-by-mirror
moldova,2024-09-20,Telegram: ultimaoramd,telegram,23,credited-by-mirror
moldova,2024-09-21,Telegram: KpMoldova,telegram,22,credited-by-mirror
moldova,2024-09-21,Telegram: md_krot,telegram,7,credited-by-mirror
moldova,2024-09-21,Telegram: mdsputnikmd,telegram,18,credited-by-mirror
moldova,2024-09-21,Telegram: moldovaexpress,telegram,5,credited-by-mirror
moldova,2024-09-21,Telegram: romania_ru,telegram,6,credited-by-mirror
moldova,2024-09-21,Telegram: rusputnikmd,telegram,37,credited-by-mirror
moldova,2024-09-21,Telegram: salutmd,telegram,10,credited-by-mirror
moldova,2024-09-21,Telegram: trech_kich,telegram,10,credited-by-mirror
moldova,2024-09-21,Telegram: ultimaoramd,telegram,23,credited-by-mirror
moldova,2024-09-22,Telegram: KpMoldova,telegram,36,credited-by-mirror
moldova,2024-09-22,Telegram: md_krot,telegram,10,credited-by-mirror
moldova,2024-09-22,Telegram: mdsputnikmd,telegram,21,credited-by-mirror
moldova,2024-09-22,Telegram: moldovaexpress,telegram,8,credited-by-mirror
moldova,2024-09-22,Telegram: romania_ru,telegram,10,credited-by-mirror
moldova,2024-09-22,Telegram: rusputnikmd,telegram,24,credited-by-mirror
moldova,2024-09-22,Telegram: salutmd,telegram,10,credited-by-mirror
moldova,2024-09-22,Telegram: trech_kich,telegram,11,credited-by-mirror
moldova,2024-09-22,Telegram: ultimaoramd,telegram,12,credited-by-mirror
moldova,2024-09-23,Telegram: KpMoldova,telegram,30,credited-by-mirror
moldova,2024-09-23,Telegram: md_krot,telegram,14,credited-by-mirror
moldova,2024-09-23,Telegram: mdsputnikmd,telegram,27,credited-by-mirror
moldova,2024-09-23,Telegram: moldovaexpress,telegram,10,credited-by-mirror
moldova,2024-09-23,Telegram: romania_ru,telegram,12,credited-by-mirror
moldova,2024-09-23,Telegram: rusputnikmd,telegram,50,credited-by-mirror
moldova,2024-09-23,Telegram: salutmd,telegram,22,credited-by-mirror
moldova,2024-09-23,Telegram: trech_kich,telegram,13,credited-by-mirror
moldova,2024-09-23,Telegram: ultimaoramd,telegram,42,credited-by-mirror
moldova,2024-09-24,Telegram: KpMoldova,telegram,29,credited-by-mirror
moldova,2024-09-24,Telegram: md_krot,telegram,15,credited-by-mirror
moldova,2024-09-24,Telegram: mdsputnikmd,telegram,29,credited-by-mirror
moldova,2024-09-24,Telegram: moldovaexpress,telegram,10,credited-by-mirror
moldova,2024-09-24,Telegram: romania_ru,telegram,8,credited-by-mirror
moldova,2024-09-24,Telegram: rusputnikmd,telegram,55,credited-by-mirror
moldova,2024-09-24,Telegram: salutmd,telegram,20,credited-by-mirror
moldova,2024-09-24,Telegram: trech_kich,telegram,14,credited-by-mirror
moldova,2024-09-24,Telegram: ultimaoramd,telegram,41,credited-by-mirror
moldova,2024-09-25,Telegram: KpMoldova,telegram,22,credited-by-mirror
moldova,2024-09-25,Telegram: md_krot,telegram,16,credited-by-mirror
moldova,2024-09-25,Telegram: mdsputnikmd,telegram,38,credited-by-mirror
moldova,2024-09-25,Telegram: moldovaexpress,telegram,8,credited-by-mirror
moldova,2024-09-25,Telegram: romania_ru,telegram,16,credited-by-mirror
moldova,2024-09-25,Telegram: rusputnikmd,telegram,53,credited-by-mirror
moldova,2024-09-25,Telegram: salutmd,telegram,19,credited-by-mirror
moldova,2024-09-25,Telegram: trech_kich,telegram,14,credited-by-mirror
moldova,2024-09-25,Telegram: ultimaoramd,telegram,44,credited-by-mirror
moldova,2024-09-26,Telegram: KpMoldova,telegram,19,credited-by-mirror
moldova,2024-09-26,Telegram: md_krot,telegram,19,credited-by-mirror
moldova,2024-09-26,Telegram: mdsputnikmd,telegram,28,credited-by-mirror
moldova,2024-09-26,Telegram: moldovaexpress,telegram,9,credited-by-mirror
moldova,2024-09-26,Telegram: romania_ru,telegram,11,credited-by-mirror
moldova,2024-09-26,Telegram: rusputnikmd,telegram,47,credited-by-mirror
moldova,2024-09-26,Telegram: salutmd,telegram,21,credited-by-mirror
moldova,2024-09-26,Telegram: trech_kich,telegram,14,credited-by-mirror
moldova,2024-09-26,Telegram: ultimaoramd,telegram,16,credited-by-mirror
moldova,2024-09-27,Telegram: KpMoldova,telegram,23,credited-by-mirror
moldova,2024-09-27,Telegram: md_krot,telegram,12,credited-by-mirror
moldova,2024-09-27,Telegram: mdsputnikmd,telegram,28,credited-by-mirror
moldova,2024-09-27,Telegram: moldovaexpress,telegram,8,credited-by-mirror
moldova,2024-09-27,Telegram: romania_ru,telegram,11,credited-by-mirror
moldova,2024-09-27,Telegram: rusputnikmd,telegram,50,credited-by-mirror
moldova,2024-09-27,Telegram: salutmd,telegram,22,credited-by-mirror
moldova,2024-09-27,Telegram: trech_kich,telegram,12,credited-by-mirror
moldova,2024-09-27,Telegram: ultimaoramd,telegram,41,credited-by-mirror
moldova,2024-09-28,Telegram: KpMoldova,telegram,15,credited-by-mirror
moldova,2024-09-28,Telegram: md_krot,telegram,10,credited-by-mirror
moldova,2024-09-28,Telegram: mdsputnikmd,telegram,18,credited-by-mirror
moldova,2024-09-28,Telegram: moldovaexpress,telegram,8,credited-by-mirror
moldova,2024-09-28,Telegram: romania_ru,telegram,10,credited-by-mirror
moldova,2024-09-28,Telegram: rusputnikmd,telegram,42,credited-by-mirror
moldova,2024-09-28,Telegram: salutmd,telegram,6,credited-by-mirror
moldova,2024-09-28,Telegram: trech_kich,telegram,12,credited-by-mirror
moldova,2024-09-28,Telegram: ultimaoramd,telegram,38,credited-by-mirror
moldova,2024-09-29,Telegram: KpMoldova,telegram,21,credited-by-mirror
moldova,2024-09-29,Telegram: md_krot,telegram,9,credited-by-mirror
moldova,2024-09-29,Telegram: mdsputnikmd,telegram,15,credited-by-mirror
moldova,2024-09-29,Telegram: moldovaexpress,telegram,7,credited-by-mirror
moldova,2024-09-29,Telegram: romania_ru,telegram,10,credited-by-mirror
moldova,2024-09-29,Telegram: rusputnikmd,telegram,25,credited-by-mirror
moldova,2024-09-29,Telegram: salutmd,telegram,8,credited-by-mirror
moldova,2024-09-29,Telegram: trech_kich,telegram,9,credited-by-mirror
moldova,2024-09-29,Telegram: ultimaoramd,telegram,30,credited-by-mirror
moldova,2024-09-30,Telegram: KpMoldova,telegram,22,credited-by-mirror
moldova,2024-09-30,Telegram: md_krot,telegram,13,credited-by-mirror
moldova,2024-09-30,Telegram: mdsputnikmd,telegram,27,credited-by-mirror
moldova,2024-09-30,Telegram: moldovaexpress,telegram,8,credited-by-mirror
moldova,2024-09-30,Telegram: romania_ru,telegram,13,credited-by-mirror
moldova,2024-09-30,Telegram: rusputnikmd,telegram,50,credited-by-mirror
moldova,2024-09-30,Telegram: salutmd,telegram,23,credited-by-mirror
moldova,2024-09-30,Telegram: trech_kich,telegram,11,credited-by-mirror
moldova,2024-09-30,Telegram: ultimaoramd,telegram,41,credited-by-mirror
poland,2024-09-01,Telegram: RuskiStatek,telegram,29,credited-by-mirror
poland,2024-09-01,Telegram: ukr_leaks_pl,telegram,17,credited-by-mirror
poland,2024-09-01,ria.ru,domain,7,credited-by-mirror
poland,2024-09-02,Telegram: RuskiStatek,telegram,34,credited-by-mirror
poland,2024-09-02,Telegram: ukr_leaks_pl,telegram,24,credited-by-mirror
poland,2024-09-02,ria.ru,domain,4,credited-by-mirror
poland,2024-09-03,Telegram: RuskiStatek,telegram,31,credited-by-mirror
poland,2024-09-03,Telegram: ukr_leaks_pl,telegram,20,credited-by-mirror
poland,2024-09-03,ria.ru,domain,5,credited-by-mirror
poland,2024-09-04,Telegram: RuskiStatek,telegram,42,credited-by-mirror
poland,2024-09-04,Telegram: ukr_leaks_pl,telegram,13,credited-by-mirror
poland,2024-09-04,ria.ru,domain,12,credited-by-mirror
poland,2024-09-05,Telegram: RuskiStatek,telegram,21,credited-by-mirror
poland,2024-09-05,Telegram: ukr_leaks_pl,telegram,19,credited-by-mirror
poland,2024-09-05,ria.ru,domain,9,credited-by-mirror
poland,2024-09-06,Telegram: RuskiStatek,telegram,4,credited-by-mirror
poland,2024-09-06,Telegram: ukr_leaks_pl,telegram,15,credited-by-mirror
poland,2024-09-06,ria.ru,domain,8,credited-by-mirror
poland,2024-09-07,Telegram: RuskiStatek,telegram,51,credited-by-mirror
poland,2024-09-07,Telegram: ukr_leaks_pl,telegram,6,credited-by-mirror
poland,2024-09-07,ria.ru,domain,2,credited-by-mirror
poland,2024-09-08,Telegram: RuskiStatek,telegram,29,credited-by-mirror
poland,2024-09-08,Telegram: ukr_leaks_pl,telegram,7,credited-by-mirror
poland,2024-09-09,Telegram: RuskiStatek,telegram,43,credited-by-mirror
poland,2024-09-09,Telegram: ukr_leaks_pl,telegram,12,credited-by-mirror
poland,2024-09-09,ria.ru,domain,13,credited-by-mirror
poland,2024-09-10,Telegram: RuskiStatek,telegram,38,credited-by-mirror
poland,2024-09-10,Telegram: ukr_leaks_pl,telegram,10,credited-by-mirror
poland,2024-09-10,ria.ru,domain,12,credited-by-mirror
poland,2024-09-11,Telegram: RuskiStatek,telegram,28,credited-by-mirror
poland,2024-09-11,Telegram: ukr_leaks_pl,telegram,25,credited-by-mirror
poland,2024-09-11,ria.ru,domain,6,credited-by-mirror
poland,2024-09-12,Telegram: RuskiStatek,telegram,15,credited-by-mirror
poland,2024-09-12,Telegram: ukr_leaks_pl,telegram,15,credited-by-mirror
poland,2024-09-12,ria.ru,domain,8,credited-by-mirror
poland,2024-09-13,Telegram: RuskiStatek,telegram,36,credited-by-mirror
poland,2024-09-13,Telegram: ukr_leaks_pl,telegram,12,credited-by-mirror
poland,2024-09-13,ria.ru,domain,6,credited-by-mirror
poland,2024-09-14,Telegram: RuskiStatek,telegram,41,credited-by-mirror
poland,2024-09-14,Telegram: ukr_leaks_pl,telegram,13,credited-by-mirror
poland,2024-09-14,ria.ru,domain,5,credited-by-mirror
poland,2024-09-15,Telegram: RuskiStatek,telegram,39,credited-by-mirror
poland,2024-09-15,Telegram: ukr_leaks_pl,telegram,14,credited-by-mirror
poland,2024-09-15,ria.ru,domain,5,credited-by-mirror
poland,2024-09-16,Telegram: RuskiStatek,telegram,29,credited-by-mirror
poland,2024-09-16,Telegram: ukr_leaks_pl,telegram,16,credited-by-mirror
poland,2024-09-16,ria.ru,domain,6,credited-by-mirror
poland,2024-09-17,Telegram: RuskiStatek,telegram,28,credited-by-mirror
poland,2024-09-17,Telegram: ukr_leaks_pl,telegram,24,credited-by-mirror
poland,2024-09-17,ria.ru,domain,8,credited-by-mirror
poland,2024-09-18,Telegram: RuskiStatek,telegram,38,credited-by-mirror
poland,2024-09-18,Telegram: ukr_leaks_pl,telegram,15,credited-by-mirror
poland,2024-09-18,ria.ru,domain,5,credited-by-mirror
poland,2024-09-19,Telegram: RuskiStatek,telegram,52,credited-by-mirror
poland,2024-09-19,Telegram: ukr_leaks_pl,telegram,17,credited-by-mirror
poland,2024-09-19,ria.ru,domain,13,credited-by-mirror
poland,2024-09-20,Telegram: RuskiStatek,telegram,23,credited-by-mirror
poland,2024-09-20,Telegram: ukr_leaks_pl,telegram,18,credited-by-mirror
poland,2024-09-20,ria.ru,domain,12,credited-by-mirror
poland,2024-09-21,Telegram: RuskiStatek,telegram,55,credited-by-mirror
poland,2024-09-21,Telegram: ukr_leaks_pl,telegram,19,credited-by-mirror
poland,2024-09-21,ria.ru,domain,7,credited-by-mirror
poland,2024-09-22,Telegram: RuskiStatek,telegram,29,credited-by-mirror
poland,2024-09-22,Telegram: ukr_leaks_pl,telegram,16,credited-by-mirror
poland,2024-09-22,ria.ru,domain,4,credited-by-mirror
poland,2024-09-23,Telegram: RuskiStatek,telegram,34,credited-by-mirror
poland,2024-09-23,Telegram: ukr_leaks_pl,telegram,20,credited-by-mirror
poland,2024-09-23,ria.ru,domain,9,credited-by-mirror
poland,2024-09-24,Telegram: RuskiStatek,telegram,37,credited-by-mirror
poland,2024-09-24,Telegram: ukr_leaks_pl,telegram,18,credited-by-mirror
poland,2024-09-24,ria.ru,domain,6,credited-by-mirror
poland,2024-09-25,Telegram: RuskiStatek,telegram,32,credited-by-mirror
poland,2024-09-25,Telegram: ukr_leaks_pl,telegram,13,credited-by-mirror
poland,2024-09-25,ria.ru,domain,8,credited-by-mirror
poland,2024-09-26,Telegram: RuskiStatek,telegram,36,credited-by-mirror
poland,2024-09-26,Telegram: ukr_leaks_pl,telegram,14,credited-by-mirror
poland,2024-09-26,ria.ru,domain,6,credited-by-mirror
poland,2024-09-27,Telegram: RuskiStatek,telegram,17,credited-by-mirror
poland,2024-09-27,Telegram: ukr_leaks_pl,telegram,23,credited-by-mirror
poland,2024-09-27,ria.ru,domain,7,credited-by-mirror
poland,2024-09-28,Telegram: RuskiStatek,telegram,56,credited-by-mirror
poland,2024-09-28,Telegram: ukr_leaks_pl,telegram,14,credited-by-mirror
poland,2024-09-28,ria.ru,domain,5,credited-by-mirror
poland,2024-09-29,Telegram: RuskiStatek,telegram,42,credited-by-mirror
poland,2024-09-29,Telegram: ukr_leaks_pl,telegram,19,credited-by-mirror
poland,2024-09-29,ria.ru,domain,3,credited-by-mirror
poland,2024-09-30,Telegram: RuskiStatek,telegram,25,credited-by-mirror
poland,2024-09-30,Telegram: ukr_leaks_pl,telegram,18,credited-by-mirror
poland,2024-09-30,ria.ru,domain,3,credited-by-mirror
romania,2024-09-01,Telegram: InfoDefenseRUM,telegram,6,credited-by-mirror
romania,2024-09-01,Telegram: ambasadarusiei,telegram,2,credited-by-mirror
romania,2024-09-01,Telegram: romania_ru,telegram,6,credited-by-mirror
romania,2024-09-01,Telegram: sputnecenzurat,telegram,24,credited-by-mirror
romania,2024-09-01,Telegram: triunghiulbasarabean,telegram,15,credited-by-mirror
romania,2024-09-01,Telegram: ucrainaruseasca,telegram,8,credited-by-mirror
romania,2024-09-01,ria.ru,domain,2,credited-by-mirror
romania,2024-09-02,Telegram: InfoDefenseRUM,telegram,4,credited-by-mirror
romania,2024-09-02,Telegram: ambasadarusiei,telegram,2,credited-by-mirror
romania,2024-09-02,Telegram: romania_ru,telegram,22,credited-by-mirror
romania,2024-09-02,Telegram: sputnecenzurat,telegram,32,credited-by-mirror
romania,2024-09-02,Telegram: triunghiulbasarabean,telegram,29,credited-by-mirror
romania,2024-09-02,Telegram: ucrainaruseasca,telegram,5,credited-by-mirror
romania,2024-09-03,Telegram: InfoDefenseRUM,telegram,7,credited-by-mirror
romania,2024-09-03,Telegram: ambasadarusiei,telegram,2,credited-by-mirror
romania,2024-09-03,Telegram: romania_ru,telegram,14,credited-by-mirror
romania,2024-09-03,Telegram: sputnecenzurat,telegram,16,credited-by-mirror
romania,2024-09-03,Telegram: triunghiulbasarabean,telegram,22,credited-by-mirror
romania,2024-09-03,Telegram: ucrainaruseasca,telegram,14,credited-by-mirror
romania,2024-09-03,ria.ru,domain,3,credited-by-mirror
romania,2024-09-04,Telegram: InfoDefenseRUM,telegram,11,credited-by-mirror
romania,2024-09-04,Telegram: ambasadarusiei,telegram,3,credited-by-mirror
romania,2024-09-04,Telegram: romania_ru,telegram,21,credited-by-mirror
romania,2024-09-04,Telegram: sputnecenzurat,telegram,16,credited-by-mirror
romania,2024-09-04,Telegram: triunghiulbasarabean,telegram,20,credited-by-mirror
romania,2024-09-04,Telegram: ucrainaruseasca,telegram,14,credited-by-mirror
romania,2024-09-04,ria.ru,domain,4,credited-by-mirror
romania,2024-09-05,Telegram: InfoDefenseRUM,telegram,6,credited-by-mirror
romania,2024-09-05,Telegram: romania_ru,telegram,16,credited-by-mirror
romania,2024-09-05,Telegram: sputnecenzurat,telegram,22,credited-by-mirror
romania,2024-09-05,Telegram: triunghiulbasarabean,telegram,16,credited-by-mirror
romania,2024-09-05,Telegram: ucrainaruseasca,telegram,7,credited-by-mirror
romania,2024-09-05,ria.ru,domain,2,credited-by-mirror
romania,2024-09-06,Telegram: InfoDefenseRUM,telegram,6,credited-by-mirror
romania,2024-09-06,Telegram: romania_ru,telegram,10,credited-by-mirror
romania,2024-09-06,Telegram: sputnecenzurat,telegram,6,credited-by-mirror
romania,2024-09-06,Telegram: triunghiulbasarabean,telegram,10,credited-by-mirror
romania,2024-09-06,Telegram: ucrainaruseasca,telegram,7,credited-by-mirror
romania,2024-09-06,ria.ru,domain,2,credited-by-mirror
romania,2024-09-07,Telegram: InfoDefenseRUM,telegram,6,credited-by-mirror
romania,2024-09-07,Telegram: romania_ru,telegram,10,credited-by-mirror
romania,2024-09-07,Telegram: sputnecenzurat,telegram,16,credited-by-mirror
romania,2024-09-07,Telegram: triunghiulbasarabean,telegram,37,credited-by-mirror
romania,2024-09-07,Telegram: ucrainaruseasca,telegram,3,credited-by-mirror
romania,2024-09-07,ria.ru,domain,2,credited-by-mirror
romania,2024-09-08,Telegram: InfoDefenseRUM,telegram,1,credited-by-mirror
romania,2024-09-08,Telegram: romania_ru,telegram,14,credited-by-mirror
romania,2024-09-08,Telegram: sputnecenzurat,telegram,11,credited-by-mirror
romania,2024-09-08,Telegram: triunghiulbasarabean,telegram,21,credited-by-mirror
romania,2024-09-08,Telegram: ucrainaruseasca,telegram,1,credited-by-mirror
romania,2024-09-08,ria.ru,domain,1,credited-by-mirror
romania,2024-09-09,Telegram: InfoDefenseRUM,telegram,6,credited-by-mirror
romania,2024-09-09,Telegram: ambasadarusiei,telegram,2,credited-by-mirror
romania,2024-09-09,Telegram: romania_ru,telegram,23,credited-by-mirror
romania,2024-09-09,Telegram: sputnecenzurat,telegram,22,credited-by-mirror
romania,2024-09-09,Telegram: triunghiulbasarabean,telegram,21,credited-by-mirror
romania,2024-09-09,Telegram: ucrainaruseasca,telegram,8,credited-by-mirror
romania,2024-09-09,ria.ru,domain,1,credited-by-mirror
romania,2024-09-10,Telegram: InfoDefenseRUM,telegram,4,credited-by-mirror
romania,2024-09-10,Telegram: romania_ru,telegram,22,credited-by-mirror
romania,2024-09-10,Telegram: sputnecenzurat,telegram,32,credited-by-mirror
romania,2024-09-10,Telegram: triunghiulbasarabean,telegram,26,credited-by-mirror
romania,2024-09-10,Telegram: ucrainaruseasca,telegram,7,credited-by-mirror
romania,2024-09-10,ria.ru,domain,2,credited-by-mirror
romania,2024-09-11,Telegram: InfoDefenseRUM,telegram,4,credited-by-mirror
romania,2024-09-11,Telegram: romania_ru,telegram,21,credited-by-mirror
romania,2024-09-11,Telegram: sputnecenzurat,telegram,23,credited-by-mirror
romania,2024-09-11,Telegram: triunghiulbasarabean,telegram,38,credited-by-mirror
romania,2024-09-11,Telegram: ucrainaruseasca,telegram,2,credited-by-mirror
romania,2024-09-11,ria.ru,domain,1,credited-by-mirror
romania,2024-09-12,Telegram: InfoDefenseRUM,telegram,3,credited-by-mirror
romania,2024-09-12,Telegram: romania_ru,telegram,16,credited-by-mirror
romania,2024-09-12,Telegram: sputnecenzurat,telegram,23,credited-by-mirror
romania,2024-09-12,Telegram: triunghiulbasarabean,telegram,30,credited-by-mirror
romania,2024-09-12,Telegram: ucrainaruseasca,telegram,5,credited-by-mirror
romania,2024-09-12,ria.ru,domain,1,credited-by-mirror
romania,2024-09-13,Telegram: InfoDefenseRUM,telegram,5,credited-by-mirror
romania,2024-09-13,Telegram: romania_ru,telegram,20,credited-by-mirror
romania,2024-09-13,Telegram: sputnecenzurat,telegram,35,credited-by-mirror
romania,2024-09-13,Telegram: triunghiulbasarabean,telegram,20,credited-by-mirror
romania,2024-09-13,Telegram: ucrainaruseasca,telegram,4,credited-by-mirror
romania,2024-09-13,ria.ru,domain,3,credited-by-mirror
romania,2024-09-14,Telegram: InfoDefenseRUM,telegram,7,credited-by-mirror
romania,2024-09-14,Telegram: romania_ru,telegram,31,credited-by-mirror
romania,2024-09-14,Telegram: sputnecenzurat,telegram,25,credited-by-mirror
romania,2024-09-14,Telegram: triunghiulbasarabean,telegram,27,credited-by-mirror
romania,2024-09-14,Telegram: ucrainaruseasca,telegram,3,credited-by-mirror
romania,2024-09-15,Telegram: InfoDefenseRUM,telegram,1,credited-by-mirror
romania,2024-09-15,Telegram: romania_ru,telegram,12,credited-by-mirror
romania,2024-09-15,Telegram: sputnecenzurat,telegram,16,credited-by-mirror
romania,2024-09-15,Telegram: triunghiulbasarabean,telegram,18,credited-by-mirror
romania,2024-09-15,Telegram: ucrainaruseasca,telegram,2,credited-by-mirror
romania,2024-09-15,ria.ru,domain,2,credited-by-mirror
romania,2024-09-16,Telegram: InfoDefenseRUM,telegram,8,credited-by-mirror
romania,2024-09-16,Telegram: ambasadarusiei,telegram,2,credited-by-mirror
romania,2024-09-16,Telegram: romania_ru,telegram,22,credited-by-mirror
romania,2024-09-16,Telegram: sputnecenzurat,telegram,33,credited-by-mirror
romania,2024-09-16,Telegram: triunghiulbasarabean,telegram,42,credited-by-mirror
romania,2024-09-16,Telegram: ucrainaruseasca,telegram,3,credited-by-mirror
romania,2024-09-16,ria.ru,domain,2,credited-by-mirror
romania,2024-09-17,Telegram: InfoDefenseRUM,telegram,6,credited-by-mirror
romania,2024-09-17,Telegram: ambasadarusiei,telegram,2,credited-by-mirror
romania,2024-09-17,Telegram: romania_ru,telegram,17,credited-by-mirror
romania,2024-09-17,Telegram: sputnecenzurat,telegram,33,credited-by-mirror
romania,2024-09-17,Telegram: triunghiulbasarabean,telegram,50,credited-by-mirror
romania,2024-09-17,Telegram: ucrainaruseasca,telegram,6,credited-by-mirror
romania,2024-09-17,ria.ru,domain,1,credited-by-mirror
romania,2024-09-18,Telegram: InfoDefenseRUM,telegram,7,credited-by-mirror
romania,2024-09-18,Telegram: ambasadarusiei,telegram,1,credited-by-mirror
romania,2024-09-18,Telegram: romania_ru,telegram,20,credited-by-mirror
romania,2024-09-18,Telegram: sputnecenzurat,telegram,49,credited-by-mirror
romania,2024-09-18,Telegram: triunghiulbasarabean,telegram,29,credited-by-mirror
romania,2024-09-18,Telegram: ucrainaruseasca,telegram,6,credited-by-mirror
romania,2024-09-18,ria.ru,domain,1,credited-by-mirror
romania,2024-09-19,Telegram: InfoDefenseRUM,telegram,5,credited-by-mirror
romania,2024-09-19,Telegram: romania_ru,telegram,24,credited-by-mirror
romania,2024-09-19,Telegram: sputnecenzurat,telegram,26,credited-by-mirror
romania,2024-09-19,Telegram: triunghiulbasarabean,telegram,39,credited-by-mirror
romania,2024-09-19,Telegram: ucrainaruseasca,telegram,3,credited-by-mirror
romania,2024-09-19,ria.ru,domain,3,credited-by-mirror
romania,2024-09-20,Telegram: InfoDefenseRUM,telegram,5,credited-by-mirror
romania,2024-09-20,Telegram: romania_ru,telegram,24,credited-by-mirror
romania,2024-09-20,Telegram: sputnecenzurat,telegram,26,credited-by-mirror
romania,2024-09-20,Telegram: triunghiulbasarabean,telegram,24,credited-by-mirror
romania,2024-09-20,Telegram: ucrainaruseasca,telegram,1,credited-by-mirror
romania,2024-09-20,ria.ru,domain,2,credited-by-mirror
romania,2024-09-21,Telegram: InfoDefenseRUM,telegram,2,credited-by-mirror
romania,2024-09-21,Telegram: ambasadarusiei,telegram,2,credited-by-mirror
romania,2024-09-21,Telegram: romania_ru,telegram,9,credited-by-mirror
romania,2024-09-21,Telegram: sputnecenzurat,telegram,23,credited-by-mirror
romania,2024-09-21,Telegram: triunghiulbasarabean,telegram,25,credited-by-mirror
romania,2024-09-21,Telegram: ucrainaruseasca,telegram,7,credited-by-mirror
romania,2024-09-22,Telegram: InfoDefenseRUM,telegram,7,credited-by-mirror
romania,2024-09-22,Telegram: ambasadarusiei,telegram,1,credited-by-mirror
romania,2024-09-22,Telegram: romania_ru,telegram,12,credited-by-mirror
romania,2024-09-22,Telegram: sputnecenzurat,telegram,26,credited-by-mirror
romania,2024-09-22,Telegram: triunghiulbasarabean,telegram,25,credited-by-mirror
romania,2024-09-22,Telegram: ucrainaruseasca,telegram,5,credited-by-mirror
romania,2024-09-23,Telegram: InfoDefenseRUM,telegram,4,credited-by-mirror
romania,2024-09-23,Telegram: romania_ru,telegram,15,credited-by-mirror
romania,2024-09-23,Telegram: sputnecenzurat,telegram,35,credited-by-mirror
romania,2024-09-23,Telegram: triunghiulbasarabean,telegram,31,credited-by-mirror
romania,2024-09-23,Telegram: ucrainaruseasca,telegram,8,credited-by-mirror
romania,2024-09-23,ria.ru,domain,2,credited-by-mirror
romania,2024-09-24,Telegram: InfoDefenseRUM,telegram,6,credited-by-mirror
romania,2024-09-24,Telegram: ambasadarusiei,telegram,2,credited-by-mirror
romania,2024-09-24,Telegram: romania_ru,telegram,13,credited-by-mirror
romania,2024-09-24,Telegram: sputnecenzurat,telegram,22,credited-by-mirror
romania,2024-09-24,Telegram: triunghiulbasarabean,telegram,30,credited-by-mirror
romania,2024-09-24,Telegram: ucrainaruseasca,telegram,12,credited-by-mirror
romania,2024-09-24,ria.ru,domain,2,credited-by-mirror
romania,2024-09-25,Telegram: InfoDefenseRUM,telegram,8,credited-by-mirror
romania,2024-09-25,Telegram: ambasadarusiei,telegram,2,credited-by-mirror
romania,2024-09-25,Telegram: romania_ru,telegram,20,credited-by-mirror
romania,2024-09-25,Telegram: sputnecenzurat,telegram,32,credited-by-mirror
romania,2024-09-25,Telegram: triunghiulbasarabean,telegram,42,credited-by-mirror
romania,2024-09-25,Telegram: ucrainaruseasca,telegram,6,credited-by-mirror
romania,2024-09-26,Telegram: InfoDefenseRUM,telegram,7,credited-by-mirror
romania,2024-09-26,Telegram: ambasadarusiei,telegram,5,credited-by-mirror
romania,2024-09-26,Telegram: romania_ru,telegram,18,credited-by-mirror
romania,2024-09-26,Telegram: sputnecenzurat,telegram,30,credited-by-mirror
romania,2024-09-26,Telegram: triunghiulbasarabean,telegram,22,credited-by-mirror
romania,2024-09-26,Telegram: ucrainaruseasca,telegram,10,credited-by-mirror
romania,2024-09-27,Telegram: InfoDefenseRUM,telegram,7,credited-by-mirror
romania,2024-09-27,Telegram: ambasadarusiei,telegram,2,credited-by-mirror
romania,2024-09-27,Telegram: romania_ru,telegram,18,credited-by-mirror
romania,2024-09-27,Telegram: sputnecenzurat,telegram,29,credited-by-mirror
romania,2024-09-27,Telegram: triunghiulbasarabean,telegram,22,credited-by-mirror
romania,2024-09-27,Telegram: ucrainaruseasca,telegram,6,credited-by-mirror
romania,2024-09-27,ria.ru,domain,4,credited-by-mirror
romania,2024-09-28,Telegram: InfoDefenseRUM,telegram,7,credited-by-mirror
romania,2024-09-28,Telegram: romania_ru,telegram,11,credited-by-mirror
romania,2024-09-28,Telegram: sputnecenzurat,telegram,21,credited-by-mirror
romania,2024-09-28,Telegram: triunghiulbasarabean,telegram,15,credited-by-mirror
romania,2024-09-28,Telegram: ucrainaruseasca,telegram,1,credited-by-mirror
romania,2024-09-28,ria.ru,domain,1,credited-by-mirror
romania,2024-09-29,Telegram: InfoDefenseRUM,telegram,3,credited-by-mirror
romania,2024-09-29,Telegram: romania_ru,telegram,14,credited-by-mirror
romania,2024-09-29,Telegram: sputnecenzurat,telegram,28,credited-by-mirror
romania,2024-09-29,Telegram: triunghiulbasarabean,telegram,16,credited-by-mirror
romania,2024-09-29,Telegram: ucrainaruseasca,telegram,2,credited-by-mirror
romania,2024-09-30,Telegram: InfoDefenseRUM,telegram,4,credited-by-mirror
romania,2024-09-30,Telegram: romania_ru,telegram,21,credited-by-mirror
romania,2024-09-30,Telegram: sputnecenzurat,telegram,35,credited-by-mirror
romania,2024-09-30,Telegram: triunghiulbasarabean,telegram,24,credited-by-mirror
romania,2024-09-30,Telegram: ucrainaruseasca,telegram,2,credited-by-mirror
romania,2024-09-30,ria.ru,domain,1,credited-by-mirror
slovakia,2024-09-01,Telegram: slovanskenoviny,telegram,41,credited-by-mirror
slovakia,2024-09-01,Telegram: spravy_slovakia,telegram,25,credited-by-mirror
slovakia,2024-09-01,Telegram: zemavek,telegram,39,credited-by-mirror
slovakia,2024-09-01,sk.news-front.su,domain,5,credited-by-mirror
slovakia,2024-09-02,Telegram: slovanskenoviny,telegram,63,credited-by-mirror
slovakia,2024-09-02,Telegram: spravy_slovakia,telegram,32,credited-by-mirror
slovakia,2024-09-02,Telegram: zemavek,telegram,76,credited-by-mirror
slovakia,2024-09-02,sk.news-front.su,domain,15,credited-by-mirror
slovakia,2024-09-03,Telegram: slovanskenoviny,telegram,89,credited-by-mirror
slovakia,2024-09-03,Telegram: spravy_slovakia,telegram,27,credited-by-mirror
slovakia,2024-09-03,Telegram: zemavek,telegram,71,credited-by-mirror
slovakia,2024-09-03,sk.news-front.su,domain,15,credited-by-mirror
slovakia,2024-09-04,Telegram: slovanskenoviny,telegram,67,credited-by-mirror
slovakia,2024-09-04,Telegram: spravy_slovakia,telegram,28,credited-by-mirror
slovakia,2024-09-04,Telegram: zemavek,telegram,75,credited-by-mirror
slovakia,2024-09-04,sk.news-front.su,domain,12,credited-by-mirror
slovakia,2024-09-05,Telegram: slovanskenoviny,telegram,70,credited-by-mirror
slovakia,2024-09-05,Telegram: spravy_slovakia,telegram,26,credited-by-mirror
slovakia,2024-09-05,Telegram: zemavek,telegram,55,credited-by-mirror
slovakia,2024-09-05,sk.news-front.su,domain,11,credited-by-mirror
slovakia,2024-09-06,Telegram: slovanskenoviny,telegram,30,credited-by-mirror
slovakia,2024-09-06,Telegram: spravy_slovakia,telegram,16,credited-by-mirror
slovakia,2024-09-06,Telegram: zemavek,telegram,52,credited-by-mirror
slovakia,2024-09-06,sk.news-front.su,domain,7,credited-by-mirror
slovakia,2024-09-07,Telegram: slovanskenoviny,telegram,44,credited-by-mirror
slovakia,2024-09-07,Telegram: spravy_slovakia,telegram,16,credited-by-mirror
slovakia,2024-09-07,Telegram: zemavek,telegram,33,credited-by-mirror
slovakia,2024-09-07,sk.news-front.su,domain,4,credited-by-mirror
slovakia,2024-09-08,Telegram: slovanskenoviny,telegram,42,credited-by-mirror
slovakia,2024-09-08,Telegram: spravy_slovakia,telegram,18,credited-by-mirror
slovakia,2024-09-08,Telegram: zemavek,telegram,41,credited-by-mirror
slovakia,2024-09-08,sk.news-front.su,domain,11,credited-by-mirror
slovakia,2024-09-09,Telegram: slovanskenoviny,telegram,78,credited-by-mirror
slovakia,2024-09-09,Telegram: spravy_slovakia,telegram,13,credited-by-mirror
slovakia,2024-09-09,Telegram: zemavek,telegram,69,credited-by-mirror
slovakia,2024-09-09,sk.news-front.su,domain,11,credited-by-mirror
slovakia,2024-09-10,Telegram: slovanskenoviny,telegram,67,credited-by-mirror
slovakia,2024-09-10,Telegram: spravy_slovakia,telegram,13,credited-by-mirror
slovakia,2024-09-10,Telegram: zemavek,telegram,66,credited-by-mirror
slovakia,2024-09-10,sk.news-front.su,domain,11,credited-by-mirror
slovakia,2024-09-11,Telegram: casusbellilive,telegram,1,credited-by-mirror
slovakia,2024-09-11,Telegram: slovanskenoviny,telegram,69,credited-by-mirror
slovakia,2024-09-11,Telegram: spravy_slovakia,telegram,19,credited-by-mirror
slovakia,2024-09-11,Telegram: zemavek,telegram,68,credited-by-mirror
slovakia,2024-09-11,sk.news-front.su,domain,10,credited-by-mirror
slovakia,2024-09-12,Telegram: slovanskenoviny,telegram,93,credited-by-mirror
slovakia,2024-09-12,Telegram: spravy_slovakia,telegram,23,credited-by-mirror
slovakia,2024-09-12,Telegram: zemavek,telegram,68,credited-by-mirror
slovakia,2024-09-12,sk.news-front.su,domain,17,credited-by-mirror
slovakia,2024-09-13,Telegram: slovanskenoviny,telegram,85,credited-by-mirror
slovakia,2024-09-13,Telegram: spravy_slovakia,telegram,36,credited-by-mirror
slovakia,2024-09-13,Telegram: zemavek,telegram,77,credited-by-mirror
slovakia,2024-09-13,sk.news-front.su,domain,12,credited-by-mirror
slovakia,2024-09-14,Telegram: slovanskenoviny,telegram,34,credited-by-mirror
slovakia,2024-09-14,Telegram: spravy_slovakia,telegram,19,credited-by-mirror
slovakia,2024-09-14,Telegram: zemavek,telegram,47,credited-by-mirror
slovakia,2024-09-14,sk.news-front.su,domain,10,credited-by-mirror
slovakia,2024-09-15,Telegram: slovanskenoviny,telegram,53,credited-by-mirror
slovakia,2024-09-15,Telegram: spravy_slovakia,telegram,15,credited-by-mirror
slovakia,2024-09-15,Telegram: zemavek,telegram,43,credited-by-mirror
slovakia,2024-09-15,sk.news-front.su,domain,4,credited-by-mirror
slovakia,2024-09-16,Telegram: slovanskenoviny,telegram,62,credited-by-mirror
slovakia,2024-09-16,Telegram: spravy_slovakia,telegram,19,credited-by-mirror
slovakia,2024-09-16,Telegram: zemavek,telegram,73,credited-by-mirror
slovakia,2024-09-16,sk.news-front.su,domain,9,credited-by-mirror
slovakia,2024-09-17,Telegram: slovanskenoviny,telegram,87,credited-by-mirror
slovakia,2024-09-17,Telegram: spravy_slovakia,telegram,23,credited-by-mirror
slovakia,2024-09-17,Telegram: zemavek,telegram,81,credited-by-mirror
slovakia,2024-09-17,sk.news-front.su,domain,12,credited-by-mirror
slovakia,2024-09-18,Telegram: slovanskenoviny,telegram,81,credited-by-mirror
slovakia,2024-09-18,Telegram: spravy_slovakia,telegram,23,credited-by-mirror
slovakia,2024-09-18,Telegram: zemavek,telegram,75,credited-by-mirror
slovakia,2024-09-18,sk.news-front.su,domain,10,credited-by-mirror
slovakia,2024-09-19,Telegram: slovanskenoviny,telegram,78,credited-by-mirror
slovakia,2024-09-19,Telegram: spravy_slovakia,telegram,9,credited-by-mirror
slovakia,2024-09-19,Telegram: zemavek,telegram,73,credited-by-mirror
slovakia,2024-09-19,sk.news-front.su,domain,7,credited-by-mirror
slovakia,2024-09-20,Telegram: slovanskenoviny,telegram,82,credited-by-mirror
slovakia,2024-09-20,Telegram: spravy_slovakia,telegram,10,credited-by-mirror
slovakia,2024-09-20,Telegram: zemavek,telegram,76,credited-by-mirror
slovakia,2024-09-20,sk.news-front.su,domain,4,credited-by-mirror
slovakia,2024-09-21,Telegram: slovanskenoviny,telegram,16,credited-by-mirror
slovakia,2024-09-21,Telegram: spravy_slovakia,telegram,26,credited-by-mirror
slovakia,2024-09-21,Telegram: zemavek,telegram,46,credited-by-mirror
slovakia,2024-09-21,sk.news-front.su,domain,11,credited-by-mirror
slovakia,2024-09-22,Telegram: slovanskenoviny,telegram,23,credited-by-mirror
slovakia,2024-09-22,Telegram: spravy_slovakia,telegram,6,credited-by-mirror
slovakia,2024-09-22,Telegram: zemavek,telegram,51,credited-by-mirror
slovakia,2024-09-22,sk.news-front.su,domain,3,credited-by-mirror
slovakia,2024-09-23,Telegram: slovanskenoviny,telegram,77,credited-by-mirror
slovakia,2024-09-23,Telegram: spravy_slovakia,telegram,23,credited-by-mirror
slovakia,2024-09-23,Telegram: zemavek,telegram,74,credited-by-mirror
slovakia,2024-09-23,sk.news-front.su,domain,11,credited-by-mirror
slovakia,2024-09-24,Telegram: slovanskenoviny,telegram,80,credited-by-mirror
slovakia,2024-09-24,Telegram: spravy_slovakia,telegram,27,credited-by-mirror
slovakia,2024-09-24,Telegram: zemavek,telegram,72,credited-by-mirror
slovakia,2024-09-24,sk.news-front.su,domain,13,credited-by-mirror
slovakia,2024-09-25,Telegram: slovanskenoviny,telegram,77,credited-by-mirror
slovakia,2024-09-25,Telegram: spravy_slovakia,telegram,26,credited-by-mirror
slovakia,2024-09-25,Telegram: zemavek,telegram,80,credited-by-mirror
slovakia,2024-09-25,sk.news-front.su,domain,13,credited-by-mirror
slovakia,2024-09-26,Telegram: slovanskenoviny,telegram,82,credited-by-mirror
slovakia,2024-09-26,Telegram: spravy_slovakia,telegram,25,credited-by-mirror
slovakia,2024-09-26,Telegram: zemavek,telegram,75,credited-by-mirror
slovakia,2024-09-26,sk.news-front.su,domain,12,credited-by-mirror
slovakia,2024-09-27,Telegram: slovanskenoviny,telegram,58,credited-by-mirror
slovakia,2024-09-27,Telegram: spravy_slovakia,telegram,11,credited-by-mirror
slovakia,2024-09-27,Telegram: zemavek,telegram,71,credited-by-mirror
slovakia,2024-09-27,sk.news-front.su,domain,6,credited-by-mirror
slovakia,2024-09-28,Telegram: slovanskenoviny,telegram,42,credited-by-mirror
slovakia,2024-09-28,Telegram: spravy_slovakia,telegram,23,credited-by-mirror
slovakia,2024-09-28,Telegram: zemavek,telegram,48,credited-by-mirror
slovakia,2024-09-28,sk.news-front.su,domain,5,credited-by-mirror
slovakia,2024-09-29,Telegram: slovanskenoviny,telegram,26,credited-by-mirror
slovakia,2024-09-29,Telegram: spravy_slovakia,telegram,22,credited-by-mirror
slovakia,2024-09-29,Telegram: zemavek,telegram,55,credited-by-mirror
slovakia,2024-09-29,sk.news-front.su,domain,5,credited-by-mirror
slovakia,2024-09-30,Telegram: slovanskenoviny,telegram,62,credited-by-mirror
slovakia,2024-09-30,Telegram: spravy_slovakia,telegram,23,credited-by-mirror
slovakia,2024-09-30,Telegram: zemavek,telegram,73,credited-by-mirror
slovakia,2024-09-30,sk.news-front.su,domain,8,credited-by-mirror
